[2025-10-28 09:20:18] [INFO] Starting EPG fetch for 46 lineup(s)
[2025-10-28 09:20:18] [INFO]   Timespan: 24 hours
[2025-10-28 09:20:18] [INFO]   Parallel: True (workers: 5)
[2025-10-28 09:20:22] [INFO]   [USA-CA63552-X] 113 channels, 3391 events
[2025-10-28 09:20:22] [INFO]   [USA-SC39467-X] 154 channels, 4088 events
[2025-10-28 09:20:23] [INFO]   [USA-CA04536-X] 244 channels, 6687 events
[2025-10-28 09:20:23] [INFO]   [USA-CA04423-X] 315 channels, 8347 events
[2025-10-28 09:20:23] [INFO]   [USA-CA04577-X] 519 channels, 12902 events
[2025-10-28 09:20:27] [INFO]   [USA-CA63870-X] 121 channels, 3623 events
[2025-10-28 09:20:27] [INFO]   [USA-CA70211-X] 99 channels, 2814 events
[2025-10-28 09:20:28] [INFO]   [USA-CA64361-X] 148 channels, 4321 events
[2025-10-28 09:20:28] [INFO]   [USA-CA04523-X] 626 channels, 15436 events
[2025-10-28 09:20:29] [INFO]   [USA-CA04818-X] 562 channels, 13541 events
[2025-10-28 09:20:32] [INFO]   [USA-CA04563-X] 481 channels, 12585 events
[2025-10-28 09:20:33] [INFO]   [USA-CA66343-X] 596 channels, 16100 events
[2025-10-28 09:20:33] [INFO]   [USA-CA55363-X] 592 channels, 14637 events
[2025-10-28 09:20:34] [INFO]   [USA-CA67659-X] 578 channels, 15497 events
[2025-10-28 09:20:35] [INFO]   [USA-CA04931-X] 527 channels, 14192 events
[2025-10-28 09:20:38] [INFO]   [USA-CA02268-X] 322 channels, 8681 events
[2025-10-28 09:20:38] [INFO]   [USA-CA58597-X] 533 channels, 14152 events
[2025-10-28 09:20:39] [INFO]   [USA-DITV501-X] 615 channels, 16636 events
[2025-10-28 09:20:40] [INFO]   [USA-ECHOST-X] 488 channels, 12832 events
[2025-10-28 09:20:43] [INFO]   [USA-NY66739-X] 617 channels, 13823 events
[2025-10-28 09:20:43] [INFO]   [USA-CA57315-L] 498 channels, 12850 events
[2025-10-28 09:20:44] [INFO]   [USA-CA04863-X] 310 channels, 8304 events
[2025-10-28 09:20:44] [INFO]   [USA-DISH803-X] 584 channels, 15797 events
[2025-10-28 09:20:47] [INFO]   [USA-CA67310-L] 505 channels, 12926 events
[2025-10-28 09:20:49] [INFO]   [USA-CA04768-X] 648 channels, 16437 events
[2025-10-28 09:20:49] [INFO]   [USA-DITV803-X] 614 channels, 16597 events
[2025-10-28 09:20:49] [INFO]   [USA-CA67310-X] 464 channels, 11885 events
[2025-10-28 09:20:50] [INFO]   [USA-IL56991-X] 599 channels, 14822 events
[2025-10-28 09:20:53] [INFO]   [USA-CO68828-X] 512 channels, 13507 events
[2025-10-28 09:20:54] [INFO]   [USA-CA04486-X] 310 channels, 8318 events
[2025-10-28 09:20:54] [INFO]   [USA-CA71911-X] 93 channels, 2538 events
[2025-10-28 09:20:56] [INFO]   [USA-DITV825-X] 590 channels, 15866 events
[2025-10-28 09:20:56] [INFO]   [USA-CA66564-X] 583 channels, 15748 events
[2025-10-28 09:20:58] [INFO]   [USA-DISH825-X] 542 channels, 14595 events
[2025-10-28 09:21:00] [INFO]   [USA-DITV804-X] 578 channels, 15510 events
[2025-10-28 09:21:00] [INFO]   [USA-CA04542-L] 467 channels, 11649 events
[2025-10-28 09:21:01] [INFO]   [USA-CA65644-L] 462 channels, 11624 events
[2025-10-28 09:21:02] [INFO]   [USA-CO68610-X] 708 channels, 15328 events
[2025-10-28 09:21:04] [INFO]   [USA-CA63959-X] 136 channels, 3083 events
[2025-10-28 09:21:04] [INFO]   [USA-CA04470-L] 432 channels, 10789 events
[2025-10-28 09:21:06] [INFO]   [USA-DITV807-X] 611 channels, 16544 events
[2025-10-28 09:21:07] [INFO]   [USA-CA04487-X] 534 channels, 14253 events
[2025-10-28 09:21:10] [INFO]   [USA-CA00056-X] 519 channels, 13922 events
[2025-10-28 09:21:10] [INFO]   [USA-CA04437-X] 576 channels, 14129 events
[2025-10-28 09:21:11] [INFO]   [USA-CA54023-X] 555 channels, 13621 events
[2025-10-28 09:21:11] [INFO]   [USA-DISH862-X] 541 channels, 14599 events
[2025-10-28 09:21:11] [INFO] Fetch complete: 46 succeeded, 0 failed
[2025-10-28 09:21:11] [INFO]   Raw channels collected: 21221
[2025-10-28 09:21:11] [INFO] Merging duplicate channels across lineups...
[2025-10-28 09:21:12] [INFO]   Final unique channels: 3524
[2025-10-28 09:21:12] [INFO]   Total events after deduplication: 84377
[2025-10-28 09:21:14] [INFO] Writing 84377 valid events to XML
[2025-10-28 09:21:14] [INFO] EPG successfully written to docs/EPG.xml
[2025-10-28 17:07:58] [INFO] Starting EPG fetch for 1 lineup(s)
[2025-10-28 17:07:58] [INFO]   Timespan: 24 hours
[2025-10-28 17:07:58] [INFO]   Parallel: True (workers: 5)
[2025-10-28 17:07:58] [INFO] Fetching lineup 1/1: USA-CA63552-X
[2025-10-28 17:08:02] [INFO]   [USA-CA63552-X] 113 channels, 3391 events
[2025-10-28 17:08:02] [INFO] Fetch complete: 1 succeeded, 0 failed
[2025-10-28 17:08:02] [INFO]   Raw channels collected: 113
[2025-10-28 17:08:02] [INFO] Merging duplicate channels across lineups...
[2025-10-28 17:08:02] [INFO]   Final unique channels: 113
[2025-10-28 17:08:02] [INFO]   Total events after deduplication: 3391
[2025-10-28 17:08:02] [INFO] Writing 3391 valid events to XML
[2025-10-28 17:08:02] [INFO] EPG successfully written to docs/EPG.xml
[2025-10-28 17:11:26] [INFO] Starting EPG fetch for 46 lineup(s)
[2025-10-28 17:11:26] [INFO]   Timespan: 24 hours
[2025-10-28 17:11:26] [INFO]   Parallel: True (workers: 5)
[2025-10-28 17:11:31] [INFO]   [USA-CA63552-X] 113 channels, 3390 events
[2025-10-28 17:11:31] [INFO]   [USA-CA04536-X] 244 channels, 6687 events
[2025-10-28 17:11:32] [INFO]   [USA-SC39467-X] 154 channels, 4082 events
[2025-10-28 17:11:32] [INFO]   [USA-CA04423-X] 315 channels, 8351 events
[2025-10-28 17:11:32] [INFO]   [USA-CA04577-X] 519 channels, 12907 events
[2025-10-28 17:11:36] [INFO]   [USA-CA63870-X] 121 channels, 3620 events
[2025-10-28 17:11:36] [INFO]   [USA-CA70211-X] 99 channels, 2812 events
[2025-10-28 17:11:36] [INFO]   [USA-CA64361-X] 148 channels, 4314 events
[2025-10-28 17:11:37] [INFO]   [USA-CA04523-X] 626 channels, 15446 events
[2025-10-28 17:11:39] [INFO]   [USA-CA04818-X] 562 channels, 13517 events
[2025-10-28 17:11:43] [INFO]   [USA-CA04563-X] 481 channels, 12564 events
[2025-10-28 17:11:43] [INFO]   [USA-CA55363-X] 592 channels, 14609 events
[2025-10-28 17:11:44] [INFO]   [USA-CA66343-X] 596 channels, 16086 events
[2025-10-28 17:11:44] [INFO]   [USA-CA67659-X] 578 channels, 15482 events
[2025-10-28 17:11:46] [INFO]   [USA-CA04931-X] 527 channels, 14166 events
[2025-10-28 17:11:49] [INFO]   [USA-CA02268-X] 322 channels, 8670 events
[2025-10-28 17:11:50] [INFO]   [USA-DITV501-X] 615 channels, 16619 events
[2025-10-28 17:11:50] [INFO]   [USA-CA58597-X] 533 channels, 14125 events
[2025-10-28 17:11:51] [INFO]   [USA-NY66739-X] 617 channels, 13581 events
[2025-10-28 17:11:53] [INFO]   [USA-ECHOST-X] 488 channels, 12830 events
[2025-10-28 17:11:55] [INFO]   [USA-CA04863-X] 310 channels, 8301 events
[2025-10-28 17:11:56] [INFO]   [USA-CA57315-L] 498 channels, 12852 events
[2025-10-28 17:11:57] [INFO]   [USA-DISH803-X] 584 channels, 15789 events
[2025-10-28 17:11:57] [INFO]   [USA-CA67310-L] 505 channels, 12927 events
[2025-10-28 17:12:00] [INFO]   [USA-CA04768-X] 648 channels, 16446 events
[2025-10-28 17:12:02] [INFO]   [USA-DITV803-X] 614 channels, 16575 events
[2025-10-28 17:12:03] [INFO]   [USA-CO68828-X] 512 channels, 13510 events
[2025-10-28 17:12:04] [INFO]   [USA-CA67310-X] 464 channels, 11884 events
[2025-10-28 17:12:05] [INFO]   [USA-IL56991-X] 599 channels, 14803 events
[2025-10-28 17:12:06] [INFO]   [USA-CA04486-X] 310 channels, 8314 events
[2025-10-28 17:12:08] [INFO]   [USA-CA71911-X] 93 channels, 2536 events
[2025-10-28 17:12:09] [INFO]   [USA-CA66564-X] 583 channels, 15729 events
[2025-10-28 17:12:10] [INFO]   [USA-DITV825-X] 590 channels, 15844 events
[2025-10-28 17:12:12] [INFO]   [USA-DISH825-X] 542 channels, 14586 events
[2025-10-28 17:12:13] [INFO]   [USA-DITV804-X] 578 channels, 15487 events
[2025-10-28 17:12:16] [INFO]   [USA-CA04542-L] 467 channels, 11646 events
[2025-10-28 17:12:16] [INFO]   [USA-CO68610-X] 708 channels, 15340 events
[2025-10-28 17:12:17] [INFO]   [USA-CA65644-L] 462 channels, 11624 events
[2025-10-28 17:12:18] [INFO]   [USA-CA04470-L] 432 channels, 10787 events
[2025-10-28 17:12:18] [INFO]   [USA-CA63959-X] 136 channels, 3077 events
[2025-10-28 17:12:22] [INFO]   [USA-DITV807-X] 611 channels, 16519 events
[2025-10-28 17:12:23] [INFO]   [USA-CA04487-X] 534 channels, 14230 events
[2025-10-28 17:12:25] [INFO]   [USA-CA04437-X] 576 channels, 14100 events
[2025-10-28 17:12:26] [INFO]   [USA-CA00056-X] 519 channels, 13901 events
[2025-10-28 17:12:27] [INFO]   [USA-CA54023-X] 555 channels, 13604 events
[2025-10-28 17:12:29] [INFO]   [USA-DISH862-X] 541 channels, 14592 events
[2025-10-28 17:12:29] [INFO] Fetch complete: 46 succeeded, 0 failed
[2025-10-28 17:12:29] [INFO]   Raw channels collected: 21221
[2025-10-28 17:12:29] [INFO] Merging duplicate channels across lineups...
[2025-10-28 17:12:30] [INFO]   Final unique channels: 3524
[2025-10-28 17:12:30] [INFO]   Total events after deduplication: 84104
[2025-10-28 17:12:33] [INFO] Writing 84104 valid events to XML
[2025-10-28 17:12:34] [INFO] EPG successfully written to docs/EPG.xml
[2025-10-31 12:28:28] [INFO] Starting EPG fetch for 5 lineup(s)
[2025-10-31 12:28:28] [INFO]   Timespan: 24 hours
[2025-10-31 12:28:28] [INFO]   Parallel: True (workers: 5)
[2025-10-31 12:28:31] [INFO]   [USA-CA63552-X] 113 channels, 3366 events
[2025-10-31 12:28:32] [INFO]   [USA-SC39467-X] 154 channels, 3965 events
[2025-10-31 12:28:32] [INFO]   [USA-CA04536-X] 244 channels, 6522 events
[2025-10-31 12:28:32] [INFO]   [USA-CA04423-X] 315 channels, 8174 events
[2025-10-31 12:28:33] [INFO]   [USA-CA04577-X] 519 channels, 12697 events
[2025-10-31 12:28:33] [INFO] Fetch complete: 5 succeeded, 0 failed
[2025-10-31 12:28:33] [INFO]   Raw channels collected: 1345
[2025-10-31 12:28:33] [INFO] Merging duplicate channels across lineups...
[2025-10-31 12:28:33] [INFO]   Final unique channels: 778
[2025-10-31 12:28:33] [INFO]   Total events after deduplication: 20353
[2025-10-31 12:28:33] [INFO] Writing 20353 valid events to XML
[2025-10-31 12:28:33] [INFO]   New episodes: 2585
[2025-10-31 12:28:33] [INFO]   Reruns: 17768
[2025-10-31 12:28:33] [INFO]   Unknown status: 0
[2025-10-31 12:28:33] [INFO] EPG successfully written to docs/EPG.xml
[2025-10-31 12:29:57] [INFO] Starting EPG fetch for 5 lineup(s)
[2025-10-31 12:29:57] [INFO]   Timespan: 24 hours
[2025-10-31 12:29:57] [INFO]   Parallel: True (workers: 5)
[2025-10-31 12:29:57] [ERROR] [USA-OTA13623] Bad request (likely invalid headend or postalCode)
[2025-10-31 12:29:57] [ERROR] [USA-OTA14043] Bad request (likely invalid headend or postalCode)
[2025-10-31 12:29:57] [ERROR] [USA-OTA49286] Bad request (likely invalid headend or postalCode)
[2025-10-31 12:29:57] [ERROR] [USA-GU70062-DEFAULT] Bad request (likely invalid headend or postalCode)
[2025-10-31 12:29:57] [ERROR] [USA-LA67343-DEFAULT] Bad request (likely invalid headend or postalCode)
[2025-10-31 12:29:58] [ERROR] [USA-OTA13623] Bad request (likely invalid headend or postalCode)
[2025-10-31 12:29:58] [ERROR] [USA-OTA14043] Bad request (likely invalid headend or postalCode)
[2025-10-31 12:29:58] [ERROR] [USA-OTA49286] Bad request (likely invalid headend or postalCode)
[2025-10-31 12:29:58] [ERROR] [USA-LA67343-DEFAULT] Bad request (likely invalid headend or postalCode)
[2025-10-31 12:29:58] [ERROR] [USA-GU70062-DEFAULT] Bad request (likely invalid headend or postalCode)
[2025-10-31 12:29:59] [ERROR] [USA-OTA13623] Bad request (likely invalid headend or postalCode)
[2025-10-31 12:29:59] [ERROR] [USA-OTA14043] Bad request (likely invalid headend or postalCode)
[2025-10-31 12:29:59] [ERROR] [USA-OTA49286] Bad request (likely invalid headend or postalCode)
[2025-10-31 12:29:59] [ERROR] [USA-LA67343-DEFAULT] Bad request (likely invalid headend or postalCode)
[2025-10-31 12:29:59] [ERROR] [USA-GU70062-DEFAULT] Bad request (likely invalid headend or postalCode)
[2025-10-31 12:30:00] [ERROR] [USA-OTA13623] Bad request (likely invalid headend or postalCode)
[2025-10-31 12:30:00] [ERROR] [USA-OTA14043] Bad request (likely invalid headend or postalCode)
[2025-10-31 12:30:00] [INFO]   [USA-OTA13623] 0 channels, 0 events
[2025-10-31 12:30:00] [INFO]   [USA-OTA14043] 0 channels, 0 events
[2025-10-31 12:30:00] [ERROR] [USA-OTA49286] Bad request (likely invalid headend or postalCode)
[2025-10-31 12:30:00] [INFO]   [USA-OTA49286] 0 channels, 0 events
[2025-10-31 12:30:00] [ERROR] [USA-LA67343-DEFAULT] Bad request (likely invalid headend or postalCode)
[2025-10-31 12:30:00] [INFO]   [USA-LA67343-DEFAULT] 0 channels, 0 events
[2025-10-31 12:30:00] [ERROR] [USA-GU70062-DEFAULT] Bad request (likely invalid headend or postalCode)
[2025-10-31 12:30:00] [INFO]   [USA-GU70062-DEFAULT] 0 channels, 0 events
[2025-10-31 12:30:00] [INFO] Fetch complete: 5 succeeded, 0 failed
[2025-10-31 12:30:00] [INFO]   Raw channels collected: 0
[2025-10-31 12:30:00] [INFO] Merging duplicate channels across lineups...
[2025-10-31 12:30:00] [INFO]   Final unique channels: 0
[2025-10-31 12:30:00] [INFO]   Total events after deduplication: 0
[2025-10-31 12:30:00] [ERROR] No channels retrieved. Exiting.
[2025-10-31 12:30:29] [ERROR] No lineup IDs found.
[2025-10-31 12:30:29] [ERROR]   Lookup mode: counry
[2025-10-31 12:30:29] [ERROR]   Lookup value: United States
[2025-10-31 12:30:29] [ERROR]   Check your EPG_LOOKUP_MODE/EPG_LOOKUP_VALUE or set EPG_LINEUP_ID directly.
[2025-10-31 12:30:53] [ERROR] No lineup IDs found.
[2025-10-31 12:30:53] [ERROR]   Lookup mode: country
[2025-10-31 12:30:53] [ERROR]   Lookup value: United States
[2025-10-31 12:30:53] [ERROR]   Check your EPG_LOOKUP_MODE/EPG_LOOKUP_VALUE or set EPG_LINEUP_ID directly.
[2025-10-31 12:31:25] [INFO] Starting EPG fetch for 5 lineup(s)
[2025-10-31 12:31:25] [INFO]   Timespan: 24 hours
[2025-10-31 12:31:25] [INFO]   Parallel: True (workers: 5)
[2025-10-31 12:31:25] [ERROR] [USA-OTA49286] Bad request (likely invalid headend or postalCode)
[2025-10-31 12:31:25] [ERROR] [USA-GU70062-DEFAULT] Bad request (likely invalid headend or postalCode)
[2025-10-31 12:31:25] [ERROR] [USA-OTA14043] Bad request (likely invalid headend or postalCode)
[2025-10-31 12:31:25] [ERROR] [USA-OTA13623] Bad request (likely invalid headend or postalCode)
[2025-10-31 12:31:25] [ERROR] [USA-LA67343-DEFAULT] Bad request (likely invalid headend or postalCode)
[2025-10-31 12:31:26] [ERROR] [USA-GU70062-DEFAULT] Bad request (likely invalid headend or postalCode)
[2025-10-31 12:31:26] [ERROR] [USA-OTA49286] Bad request (likely invalid headend or postalCode)
[2025-10-31 12:31:26] [ERROR] [USA-OTA14043] Bad request (likely invalid headend or postalCode)
[2025-10-31 12:31:26] [ERROR] [USA-OTA13623] Bad request (likely invalid headend or postalCode)
[2025-10-31 12:31:26] [ERROR] [USA-LA67343-DEFAULT] Bad request (likely invalid headend or postalCode)
[2025-10-31 12:31:27] [ERROR] [USA-GU70062-DEFAULT] Bad request (likely invalid headend or postalCode)
[2025-10-31 12:31:27] [ERROR] [USA-OTA14043] Bad request (likely invalid headend or postalCode)
[2025-10-31 12:31:27] [ERROR] [USA-OTA49286] Bad request (likely invalid headend or postalCode)
[2025-10-31 12:31:27] [ERROR] [USA-OTA13623] Bad request (likely invalid headend or postalCode)
[2025-10-31 12:31:27] [ERROR] [USA-LA67343-DEFAULT] Bad request (likely invalid headend or postalCode)
[2025-10-31 12:31:28] [ERROR] [USA-GU70062-DEFAULT] Bad request (likely invalid headend or postalCode)
[2025-10-31 12:31:28] [INFO]   [USA-GU70062-DEFAULT] 0 channels, 0 events
[2025-10-31 12:31:28] [ERROR] [USA-OTA13623] Bad request (likely invalid headend or postalCode)
[2025-10-31 12:31:28] [ERROR] [USA-OTA14043] Bad request (likely invalid headend or postalCode)
[2025-10-31 12:31:28] [ERROR] [USA-OTA49286] Bad request (likely invalid headend or postalCode)
[2025-10-31 12:31:28] [INFO]   [USA-OTA13623] 0 channels, 0 events
[2025-10-31 12:31:28] [INFO]   [USA-OTA14043] 0 channels, 0 events
[2025-10-31 12:31:28] [ERROR] [USA-LA67343-DEFAULT] Bad request (likely invalid headend or postalCode)
[2025-10-31 12:31:28] [INFO]   [USA-OTA49286] 0 channels, 0 events
[2025-10-31 12:31:28] [INFO]   [USA-LA67343-DEFAULT] 0 channels, 0 events
[2025-10-31 12:31:28] [INFO] Fetch complete: 5 succeeded, 0 failed
[2025-10-31 12:31:28] [INFO]   Raw channels collected: 0
[2025-10-31 12:31:28] [INFO] Merging duplicate channels across lineups...
[2025-10-31 12:31:28] [INFO]   Final unique channels: 0
[2025-10-31 12:31:28] [INFO]   Total events after deduplication: 0
[2025-10-31 12:31:28] [ERROR] No channels retrieved. Exiting.
[2025-10-31 12:35:43] [INFO] Starting EPG fetch for 5 lineup(s)
[2025-10-31 12:35:43] [INFO]   Timespan: 24 hours
[2025-10-31 12:35:43] [INFO]   Parallel: True (workers: 5)
[2025-10-31 12:35:43] [ERROR] [USA-LA67343-DEFAULT] Bad request (likely invalid headend or postalCode)
[2025-10-31 12:35:43] [ERROR] [USA-OTA13623] Bad request (likely invalid headend or postalCode)
[2025-10-31 12:35:43] [ERROR] [USA-OTA14043] Bad request (likely invalid headend or postalCode)
[2025-10-31 12:35:43] [ERROR] [USA-GU70062-DEFAULT] Bad request (likely invalid headend or postalCode)
[2025-10-31 12:35:43] [ERROR] [USA-OTA49286] Bad request (likely invalid headend or postalCode)
[2025-10-31 12:35:44] [ERROR] [USA-LA67343-DEFAULT] Bad request (likely invalid headend or postalCode)
[2025-10-31 12:35:44] [ERROR] [USA-OTA13623] Bad request (likely invalid headend or postalCode)
[2025-10-31 12:35:44] [ERROR] [USA-GU70062-DEFAULT] Bad request (likely invalid headend or postalCode)
[2025-10-31 12:35:44] [ERROR] [USA-OTA14043] Bad request (likely invalid headend or postalCode)
[2025-10-31 12:35:44] [ERROR] [USA-OTA49286] Bad request (likely invalid headend or postalCode)
[2025-10-31 12:35:45] [ERROR] [USA-LA67343-DEFAULT] Bad request (likely invalid headend or postalCode)
[2025-10-31 12:35:45] [ERROR] [USA-OTA13623] Bad request (likely invalid headend or postalCode)
[2025-10-31 12:35:45] [ERROR] [USA-GU70062-DEFAULT] Bad request (likely invalid headend or postalCode)
[2025-10-31 12:35:45] [ERROR] [USA-OTA14043] Bad request (likely invalid headend or postalCode)
[2025-10-31 12:35:45] [ERROR] [USA-OTA49286] Bad request (likely invalid headend or postalCode)
[2025-10-31 12:35:46] [ERROR] [USA-LA67343-DEFAULT] Bad request (likely invalid headend or postalCode)
[2025-10-31 12:35:46] [INFO]   [USA-LA67343-DEFAULT] 0 channels, 0 events
[2025-10-31 12:35:46] [ERROR] [USA-OTA13623] Bad request (likely invalid headend or postalCode)
[2025-10-31 12:35:46] [INFO]   [USA-OTA13623] 0 channels, 0 events
[2025-10-31 12:35:46] [ERROR] [USA-OTA14043] Bad request (likely invalid headend or postalCode)
[2025-10-31 12:35:46] [ERROR] [USA-GU70062-DEFAULT] Bad request (likely invalid headend or postalCode)
[2025-10-31 12:35:46] [INFO]   [USA-OTA14043] 0 channels, 0 events
[2025-10-31 12:35:46] [INFO]   [USA-GU70062-DEFAULT] 0 channels, 0 events
[2025-10-31 12:35:46] [ERROR] [USA-OTA49286] Bad request (likely invalid headend or postalCode)
[2025-10-31 12:35:46] [INFO]   [USA-OTA49286] 0 channels, 0 events
[2025-10-31 12:35:46] [INFO] Fetch complete: 5 succeeded, 0 failed
[2025-10-31 12:35:46] [INFO]   Raw channels collected: 0
[2025-10-31 12:35:46] [INFO] Merging duplicate channels across lineups...
[2025-10-31 12:35:46] [INFO]   Final unique channels: 0
[2025-10-31 12:35:46] [INFO]   Total events after deduplication: 0
[2025-10-31 12:35:46] [ERROR] No channels retrieved. Exiting.
[2025-10-31 12:38:42] [INFO] Starting EPG fetch for 5 lineup(s)
[2025-10-31 12:38:42] [INFO]   Timespan: 24 hours
[2025-10-31 12:38:42] [INFO]   Parallel: True (workers: 5)
[2025-10-31 12:38:46] [INFO]   [USA-GU70062-DEFAULT] 183 channels, 4918 events
[2025-10-31 12:38:46] [INFO]   [USA-OTA14043] 183 channels, 4918 events
[2025-10-31 12:38:46] [INFO]   [USA-OTA49286] 183 channels, 4918 events
[2025-10-31 12:38:46] [INFO]   [USA-LA67343-DEFAULT] 183 channels, 4918 events
[2025-10-31 12:38:46] [INFO]   [USA-OTA13623] 183 channels, 4918 events
[2025-10-31 12:38:46] [INFO] Fetch complete: 5 succeeded, 0 failed
[2025-10-31 12:38:46] [INFO]   Raw channels collected: 915
[2025-10-31 12:38:46] [INFO] Merging duplicate channels across lineups...
[2025-10-31 12:38:46] [ERROR] Failed to acquire lock: invalid literal for int() with base 10: '7.1'
[2025-10-31 12:38:59] [INFO] Starting EPG fetch for 5 lineup(s)
[2025-10-31 12:38:59] [INFO]   Timespan: 24 hours
[2025-10-31 12:38:59] [INFO]   Parallel: True (workers: 5)
[2025-10-31 12:39:03] [INFO]   [USA-OTA13623] 183 channels, 4918 events
[2025-10-31 12:39:03] [INFO]   [USA-LA67343-DEFAULT] 183 channels, 4918 events
[2025-10-31 12:39:03] [INFO]   [USA-OTA49286] 183 channels, 4918 events
[2025-10-31 12:39:03] [INFO]   [USA-OTA14043] 183 channels, 4918 events
[2025-10-31 12:39:03] [INFO]   [USA-GU70062-DEFAULT] 183 channels, 4918 events
[2025-10-31 12:39:03] [INFO] Fetch complete: 5 succeeded, 0 failed
[2025-10-31 12:39:03] [INFO]   Raw channels collected: 915
[2025-10-31 12:39:03] [INFO] Merging duplicate channels across lineups...
[2025-10-31 12:39:03] [ERROR] Failed to acquire lock: invalid literal for int() with base 10: '7.1'
[2025-10-31 12:42:48] [INFO] Starting EPG fetch for 5 lineup(s)
[2025-10-31 12:42:48] [INFO]   Timespan: 24 hours
[2025-10-31 12:42:48] [INFO]   Parallel: True (workers: 5)
[2025-10-31 12:42:53] [INFO]   [USA-OTA14043] 183 channels, 4917 events
[2025-10-31 12:42:53] [INFO]   [USA-OTA13623] 183 channels, 4917 events
[2025-10-31 12:42:53] [INFO]   [USA-LA67343-DEFAULT] 183 channels, 4917 events
[2025-10-31 12:42:53] [INFO]   [USA-OTA49286] 183 channels, 4917 events
[2025-10-31 12:42:53] [INFO]   [USA-GU70062-DEFAULT] 183 channels, 4917 events
[2025-10-31 12:42:53] [INFO] Fetch complete: 5 succeeded, 0 failed
[2025-10-31 12:42:53] [INFO]   Raw channels collected: 915
[2025-10-31 12:42:53] [INFO] Merging duplicate channels across lineups...
[2025-10-31 12:42:53] [INFO]   Final unique channels: 183
[2025-10-31 12:42:53] [INFO]   Total events after deduplication: 4917
[2025-10-31 12:42:53] [INFO] Writing 4917 valid events to XML
[2025-10-31 12:42:53] [INFO]   New episodes: 425
[2025-10-31 12:42:53] [INFO]   Reruns: 4492
[2025-10-31 12:42:53] [INFO]   Unknown status: 0
[2025-10-31 12:42:53] [INFO] EPG successfully written to docs/EPG.xml
[2025-10-31 12:44:40] [INFO] Starting EPG fetch for 5 lineup(s)
[2025-10-31 12:44:40] [INFO]   Timespan: 24 hours
[2025-10-31 12:44:40] [INFO]   Parallel: True (workers: 5)
[2025-10-31 12:44:40] [ERROR] [USA-OTA49286] Bad request (likely invalid headend or postalCode)
[2025-10-31 12:44:40] [ERROR] [USA-OTA14043] Bad request (likely invalid headend or postalCode)
[2025-10-31 12:44:40] [ERROR] [USA-GU70062-DEFAULT] Bad request (likely invalid headend or postalCode)
[2025-10-31 12:44:40] [ERROR] [USA-LA67343-DEFAULT] Bad request (likely invalid headend or postalCode)
[2025-10-31 12:44:40] [ERROR] [USA-OTA13623] Bad request (likely invalid headend or postalCode)
[2025-10-31 12:44:41] [ERROR] [USA-OTA49286] Bad request (likely invalid headend or postalCode)
[2025-10-31 12:44:41] [ERROR] [USA-OTA14043] Bad request (likely invalid headend or postalCode)
[2025-10-31 12:44:41] [ERROR] [USA-OTA13623] Bad request (likely invalid headend or postalCode)
[2025-10-31 12:44:41] [ERROR] [USA-GU70062-DEFAULT] Bad request (likely invalid headend or postalCode)
[2025-10-31 12:44:41] [ERROR] [USA-LA67343-DEFAULT] Bad request (likely invalid headend or postalCode)
[2025-10-31 12:44:42] [ERROR] [USA-OTA49286] Bad request (likely invalid headend or postalCode)
[2025-10-31 12:44:42] [ERROR] [USA-OTA14043] Bad request (likely invalid headend or postalCode)
[2025-10-31 12:44:42] [ERROR] [USA-OTA13623] Bad request (likely invalid headend or postalCode)
[2025-10-31 12:44:42] [ERROR] [USA-LA67343-DEFAULT] Bad request (likely invalid headend or postalCode)
[2025-10-31 12:44:42] [ERROR] [USA-GU70062-DEFAULT] Bad request (likely invalid headend or postalCode)
[2025-10-31 12:44:43] [ERROR] [USA-OTA49286] Bad request (likely invalid headend or postalCode)
[2025-10-31 12:44:43] [INFO]   [USA-OTA49286] 0 channels, 0 events
[2025-10-31 12:44:43] [ERROR] [USA-OTA13623] Bad request (likely invalid headend or postalCode)
[2025-10-31 12:44:43] [INFO]   [USA-OTA13623] 0 channels, 0 events
[2025-10-31 12:44:43] [ERROR] [USA-OTA14043] Bad request (likely invalid headend or postalCode)
[2025-10-31 12:44:43] [INFO]   [USA-OTA14043] 0 channels, 0 events
[2025-10-31 12:44:43] [ERROR] [USA-LA67343-DEFAULT] Bad request (likely invalid headend or postalCode)
[2025-10-31 12:44:43] [ERROR] [USA-GU70062-DEFAULT] Bad request (likely invalid headend or postalCode)
[2025-10-31 12:44:43] [INFO]   [USA-LA67343-DEFAULT] 0 channels, 0 events
[2025-10-31 12:44:43] [INFO]   [USA-GU70062-DEFAULT] 0 channels, 0 events
[2025-10-31 12:44:43] [INFO] Fetch complete: 5 succeeded, 0 failed
[2025-10-31 12:44:43] [INFO]   Raw channels collected: 0
[2025-10-31 12:44:43] [INFO] Merging duplicate channels across lineups...
[2025-10-31 12:44:43] [INFO]   Final unique channels: 0
[2025-10-31 12:44:43] [INFO]   Total events after deduplication: 0
[2025-10-31 12:44:43] [ERROR] No channels retrieved. Exiting.
[2025-10-31 12:45:03] [INFO] Starting EPG fetch for 5 lineup(s)
[2025-10-31 12:45:03] [INFO]   Timespan: 24 hours
[2025-10-31 12:45:03] [INFO]   Parallel: True (workers: 5)
[2025-10-31 12:45:03] [ERROR] [USA-OTA13623] Bad request (likely invalid headend or postalCode)
[2025-10-31 12:45:03] [ERROR] [USA-OTA14043] Bad request (likely invalid headend or postalCode)
[2025-10-31 12:45:03] [ERROR] [USA-GU70062-DEFAULT] Bad request (likely invalid headend or postalCode)
[2025-10-31 12:45:03] [ERROR] [USA-LA67343-DEFAULT] Bad request (likely invalid headend or postalCode)
[2025-10-31 12:45:03] [ERROR] [USA-OTA49286] Bad request (likely invalid headend or postalCode)
[2025-10-31 12:45:04] [ERROR] [USA-OTA13623] Bad request (likely invalid headend or postalCode)
[2025-10-31 12:45:04] [ERROR] [USA-OTA14043] Bad request (likely invalid headend or postalCode)
[2025-10-31 12:45:04] [ERROR] [USA-LA67343-DEFAULT] Bad request (likely invalid headend or postalCode)
[2025-10-31 12:45:04] [ERROR] [USA-OTA49286] Bad request (likely invalid headend or postalCode)
[2025-10-31 12:45:04] [ERROR] [USA-GU70062-DEFAULT] Bad request (likely invalid headend or postalCode)
[2025-10-31 12:45:05] [ERROR] [USA-OTA13623] Bad request (likely invalid headend or postalCode)
[2025-10-31 12:45:05] [ERROR] [USA-OTA49286] Bad request (likely invalid headend or postalCode)
[2025-10-31 12:45:05] [ERROR] [USA-GU70062-DEFAULT] Bad request (likely invalid headend or postalCode)
[2025-10-31 12:45:05] [ERROR] [USA-OTA14043] Bad request (likely invalid headend or postalCode)
[2025-10-31 12:45:05] [ERROR] [USA-LA67343-DEFAULT] Bad request (likely invalid headend or postalCode)
[2025-10-31 12:45:06] [ERROR] [USA-OTA13623] Bad request (likely invalid headend or postalCode)
[2025-10-31 12:45:06] [INFO]   [USA-OTA13623] 0 channels, 0 events
[2025-10-31 12:45:06] [ERROR] [USA-OTA49286] Bad request (likely invalid headend or postalCode)
[2025-10-31 12:45:06] [ERROR] [USA-GU70062-DEFAULT] Bad request (likely invalid headend or postalCode)
[2025-10-31 12:45:06] [INFO]   [USA-OTA49286] 0 channels, 0 events
[2025-10-31 12:45:06] [INFO]   [USA-GU70062-DEFAULT] 0 channels, 0 events
[2025-10-31 12:45:07] [ERROR] [USA-OTA14043] Bad request (likely invalid headend or postalCode)
[2025-10-31 12:45:07] [ERROR] [USA-LA67343-DEFAULT] Bad request (likely invalid headend or postalCode)
[2025-10-31 12:45:07] [INFO]   [USA-OTA14043] 0 channels, 0 events
[2025-10-31 12:45:07] [INFO]   [USA-LA67343-DEFAULT] 0 channels, 0 events
[2025-10-31 12:45:07] [INFO] Fetch complete: 5 succeeded, 0 failed
[2025-10-31 12:45:07] [INFO]   Raw channels collected: 0
[2025-10-31 12:45:07] [INFO] Merging duplicate channels across lineups...
[2025-10-31 12:45:07] [INFO]   Final unique channels: 0
[2025-10-31 12:45:07] [INFO]   Total events after deduplication: 0
[2025-10-31 12:45:07] [ERROR] No channels retrieved. Exiting.
[2025-10-31 12:46:01] [INFO] Starting EPG fetch for 5 lineup(s)
[2025-10-31 12:46:01] [INFO]   Timespan: 24 hours
[2025-10-31 12:46:01] [INFO]   Parallel: True (workers: 5)
[2025-10-31 12:46:05] [INFO]   [USA-GU70062-DEFAULT] 197 channels, 5373 events
[2025-10-31 12:46:05] [INFO]   [USA-OTA49286] 197 channels, 5373 events
[2025-10-31 12:46:05] [INFO]   [USA-OTA14043] 197 channels, 5373 events
[2025-10-31 12:46:05] [INFO]   [USA-LA67343-DEFAULT] 197 channels, 5373 events
[2025-10-31 12:46:05] [INFO]   [USA-OTA13623] 197 channels, 5373 events
[2025-10-31 12:46:05] [INFO] Fetch complete: 5 succeeded, 0 failed
[2025-10-31 12:46:05] [INFO]   Raw channels collected: 985
[2025-10-31 12:46:05] [INFO] Merging duplicate channels across lineups...
[2025-10-31 12:46:05] [INFO]   Final unique channels: 197
[2025-10-31 12:46:05] [INFO]   Total events after deduplication: 5373
[2025-10-31 12:46:05] [INFO] Writing 5373 valid events to XML
[2025-10-31 12:46:05] [INFO]   New episodes: 368
[2025-10-31 12:46:05] [INFO]   Reruns: 5005
[2025-10-31 12:46:05] [INFO]   Unknown status: 0
[2025-10-31 12:46:05] [INFO] EPG successfully written to docs/EPG.xml
[2025-10-31 12:46:29] [INFO] Starting EPG fetch for 50 lineup(s)
[2025-10-31 12:46:29] [INFO]   Timespan: 24 hours
[2025-10-31 12:46:29] [INFO]   Parallel: True (workers: 5)
[2025-10-31 12:46:33] [INFO]   [USA-OTA14043] 197 channels, 5373 events
[2025-10-31 12:46:33] [INFO]   [USA-LA67343-DEFAULT] 197 channels, 5373 events
[2025-10-31 12:46:33] [INFO]   [USA-GU70062-DEFAULT] 197 channels, 5373 events
[2025-10-31 12:46:33] [INFO]   [USA-OTA49286] 197 channels, 5373 events
[2025-10-31 12:46:34] [INFO]   [USA-OTA13623] 197 channels, 5373 events
[2025-10-31 12:46:38] [INFO]   [USA-OTA05460] 197 channels, 5373 events
[2025-10-31 12:46:38] [INFO]   [USA-OTA12958] 197 channels, 5373 events
[2025-10-31 12:46:38] [INFO]   [USA-OTA12953] 197 channels, 5373 events
[2025-10-31 12:46:38] [INFO]   [USA-OTA98231] 197 channels, 5373 events
[2025-10-31 12:46:38] [INFO]   [USA-OTA59427] 197 channels, 5373 events
[2025-10-31 12:46:42] [INFO]   [USA-OTA16504] 197 channels, 5373 events
[2025-10-31 12:46:42] [INFO]   [USA-OTA13678] 197 channels, 5373 events
[2025-10-31 12:46:42] [INFO]   [USA-OTA05846] 197 channels, 5373 events
[2025-10-31 12:46:42] [INFO]   [USA-OTA48039] 197 channels, 5373 events
[2025-10-31 12:46:42] [INFO]   [USA-OTA48371] 197 channels, 5373 events
[2025-10-31 12:46:46] [INFO]   [USA-OTA48060] 197 channels, 5373 events
[2025-10-31 12:46:46] [INFO]   [USA-OTA14226] 197 channels, 5373 events
[2025-10-31 12:46:46] [INFO]   [USA-OTA14305] 197 channels, 5373 events
[2025-10-31 12:46:46] [INFO]   [USA-OTA14623] 197 channels, 5373 events
[2025-10-31 12:46:46] [INFO]   [USA-OTA04491] 197 channels, 5373 events
[2025-10-31 12:46:50] [INFO]   [USA-OTA98221] 197 channels, 5373 events
[2025-10-31 12:46:50] [INFO]   [USA-OTA98362] 197 channels, 5373 events
[2025-10-31 12:46:50] [INFO]   [USA-OTA98226] 197 channels, 5373 events
[2025-10-31 12:46:50] [INFO]   [USA-OTA48235] 197 channels, 5373 events
[2025-10-31 12:46:50] [INFO]   [USA-OTA14612] 197 channels, 5373 events
[2025-10-31 12:46:54] [INFO]   [USA-OTA48207] 197 channels, 5373 events
[2025-10-31 12:46:54] [INFO]   [USA-OTA16509] 197 channels, 5373 events
[2025-10-31 12:46:54] [INFO]   [USA-OTA48088] 197 channels, 5373 events
[2025-10-31 12:46:54] [INFO]   [USA-OTA55606] 197 channels, 5373 events
[2025-10-31 12:46:55] [INFO]   [USA-OTA14173] 197 channels, 5373 events
[2025-10-31 12:46:58] [INFO]   [USA-OTA04747] 197 channels, 5373 events
[2025-10-31 12:46:58] [INFO]   [USA-OTA12979] 197 channels, 5373 events
[2025-10-31 12:46:59] [INFO]   [USA-OTA04756] 197 channels, 5373 events
[2025-10-31 12:46:59] [INFO]   [USA-OTA14202] 197 channels, 5373 events
[2025-10-31 12:46:59] [INFO]   [USA-OTA13664] 197 channels, 5373 events
[2025-10-31 12:47:02] [INFO]   [USA-OTA14622] 197 channels, 5373 events
[2025-10-31 12:47:02] [INFO]   [USA-OTA58222] 197 channels, 5373 events
[2025-10-31 12:47:03] [INFO]   [USA-OTA94062] 197 channels, 5373 events
[2025-10-31 12:47:03] [INFO]   [USA-OTA93252] 197 channels, 5373 events
[2025-10-31 12:47:03] [INFO]   [USA-OTA92549] 197 channels, 5373 events
[2025-10-31 12:47:07] [INFO]   [USA-OTA93777] 197 channels, 5373 events
[2025-10-31 12:47:07] [INFO]   [USA-OTA78040] 197 channels, 5373 events
[2025-10-31 12:47:07] [INFO]   [USA-OTA74650] 197 channels, 5373 events
[2025-10-31 12:47:07] [INFO]   [USA-OTA96079] 197 channels, 5373 events
[2025-10-31 12:47:08] [INFO]   [USA-OTA92281] 197 channels, 5373 events
[2025-10-31 12:47:12] [INFO]   [USA-OTA73702] 197 channels, 5373 events
[2025-10-31 12:47:12] [INFO]   [USA-OTA34120] 197 channels, 5373 events
[2025-10-31 12:47:12] [INFO]   [USA-OTA38363] 197 channels, 5373 events
[2025-10-31 12:47:12] [INFO]   [USA-OTA31014] 197 channels, 5373 events
[2025-10-31 12:47:12] [INFO]   [USA-OTA46508] 197 channels, 5373 events
[2025-10-31 12:47:12] [INFO] Fetch complete: 50 succeeded, 0 failed
[2025-10-31 12:47:12] [INFO]   Raw channels collected: 9850
[2025-10-31 12:47:12] [INFO] Merging duplicate channels across lineups...
[2025-10-31 12:47:12] [INFO]   Final unique channels: 197
[2025-10-31 12:47:12] [INFO]   Total events after deduplication: 5373
[2025-10-31 12:47:13] [INFO] Writing 5373 valid events to XML
[2025-10-31 12:47:13] [INFO]   New episodes: 368
[2025-10-31 12:47:13] [INFO]   Reruns: 5005
[2025-10-31 12:47:13] [INFO]   Unknown status: 0
[2025-10-31 12:47:13] [INFO] EPG successfully written to docs/EPG.xml
[2025-10-31 12:47:40] [INFO] Starting EPG fetch for 50 lineup(s)
[2025-10-31 12:47:40] [INFO]   Timespan: 24 hours
[2025-10-31 12:47:40] [INFO]   Parallel: True (workers: 5)
[2025-10-31 12:47:41] [ERROR] [BHS-0000029-X] Bad request (likely invalid headend or postalCode)
[2025-10-31 12:47:41] [ERROR] [BRB-0004494-X] Bad request (likely invalid headend or postalCode)
[2025-10-31 12:47:41] [ERROR] [BMU-0000013-X] Bad request (likely invalid headend or postalCode)
[2025-10-31 12:47:41] [ERROR] [ABW-0000103-X] Bad request (likely invalid headend or postalCode)
[2025-10-31 12:47:42] [ERROR] [BHS-0000029-X] Bad request (likely invalid headend or postalCode)
[2025-10-31 12:47:42] [ERROR] [BRB-0004494-X] Bad request (likely invalid headend or postalCode)
[2025-10-31 12:47:42] [ERROR] [BMU-0000013-X] Bad request (likely invalid headend or postalCode)
[2025-10-31 12:47:42] [ERROR] [ABW-0000103-X] Bad request (likely invalid headend or postalCode)
[2025-10-31 12:47:43] [ERROR] [BHS-0000029-X] Bad request (likely invalid headend or postalCode)
[2025-10-31 12:47:43] [ERROR] [BRB-0004494-X] Bad request (likely invalid headend or postalCode)
[2025-10-31 12:47:43] [ERROR] [BMU-0000013-X] Bad request (likely invalid headend or postalCode)
[2025-10-31 12:47:43] [ERROR] [ABW-0000103-X] Bad request (likely invalid headend or postalCode)
[2025-10-31 12:47:44] [ERROR] [BHS-0000029-X] Bad request (likely invalid headend or postalCode)
[2025-10-31 12:47:44] [INFO]   [BHS-0000029-X] 0 channels, 0 events
[2025-10-31 12:47:44] [ERROR] [BRB-0004494-X] Bad request (likely invalid headend or postalCode)
[2025-10-31 12:47:44] [ERROR] [BMU-0000013-X] Bad request (likely invalid headend or postalCode)
[2025-10-31 12:47:44] [INFO]   [BRB-0004494-X] 0 channels, 0 events
[2025-10-31 12:47:44] [INFO]   [BMU-0000013-X] 0 channels, 0 events
[2025-10-31 12:47:44] [ERROR] [ABW-0000103-X] Bad request (likely invalid headend or postalCode)
[2025-10-31 12:47:44] [INFO]   [ABW-0000103-X] 0 channels, 0 events
[2025-10-31 12:47:44] [ERROR] [CYM-0004493-X] Bad request (likely invalid headend or postalCode)
[2025-10-31 12:47:44] [ERROR] [GRD-0000033-X] Bad request (likely invalid headend or postalCode)
[2025-10-31 12:47:44] [ERROR] [CAN-0009968-X] Bad request (likely invalid headend or postalCode)
[2025-10-31 12:47:45] [INFO]   [VGB-0000034-DEFAULT] 197 channels, 5373 events
[2025-10-31 12:47:45] [ERROR] [JAM-0002285-X] Bad request (likely invalid headend or postalCode)
[2025-10-31 12:47:45] [ERROR] [CYM-0004493-X] Bad request (likely invalid headend or postalCode)
[2025-10-31 12:47:45] [ERROR] [GRD-0000033-X] Bad request (likely invalid headend or postalCode)
[2025-10-31 12:47:45] [ERROR] [CAN-0009968-X] Bad request (likely invalid headend or postalCode)
[2025-10-31 12:47:46] [ERROR] [JAM-0002285-X] Bad request (likely invalid headend or postalCode)
[2025-10-31 12:47:46] [ERROR] [CYM-0004493-X] Bad request (likely invalid headend or postalCode)
[2025-10-31 12:47:46] [ERROR] [CAN-0009968-X] Bad request (likely invalid headend or postalCode)
[2025-10-31 12:47:46] [ERROR] [GRD-0000033-X] Bad request (likely invalid headend or postalCode)
[2025-10-31 12:47:47] [ERROR] [JAM-0002285-X] Bad request (likely invalid headend or postalCode)
[2025-10-31 12:47:47] [ERROR] [CYM-0004493-X] Bad request (likely invalid headend or postalCode)
[2025-10-31 12:47:47] [INFO]   [CYM-0004493-X] 0 channels, 0 events
[2025-10-31 12:47:47] [ERROR] [CAN-0009968-X] Bad request (likely invalid headend or postalCode)
[2025-10-31 12:47:47] [INFO]   [CAN-0009968-X] 0 channels, 0 events
[2025-10-31 12:47:47] [ERROR] [GRD-0000033-X] Bad request (likely invalid headend or postalCode)
[2025-10-31 12:47:47] [INFO]   [GRD-0000033-X] 0 channels, 0 events
[2025-10-31 12:47:48] [ERROR] [LCA-0000271-X] Bad request (likely invalid headend or postalCode)
[2025-10-31 12:47:48] [ERROR] [TTO-0004215-X] Bad request (likely invalid headend or postalCode)
[2025-10-31 12:47:48] [INFO]   [DOM-0000124-DEFAULT] 197 channels, 5373 events
[2025-10-31 12:47:48] [ERROR] [JAM-0002285-X] Bad request (likely invalid headend or postalCode)
[2025-10-31 12:47:48] [INFO]   [JAM-0002285-X] 0 channels, 0 events
[2025-10-31 12:47:48] [ERROR] [TCA-0003402-X] Bad request (likely invalid headend or postalCode)
[2025-10-31 12:47:49] [ERROR] [LCA-0000271-X] Bad request (likely invalid headend or postalCode)
[2025-10-31 12:47:49] [ERROR] [TTO-0004215-X] Bad request (likely invalid headend or postalCode)
[2025-10-31 12:47:49] [ERROR] [TCA-0003402-X] Bad request (likely invalid headend or postalCode)
[2025-10-31 12:47:50] [ERROR] [LCA-0000271-X] Bad request (likely invalid headend or postalCode)
[2025-10-31 12:47:50] [ERROR] [TTO-0004215-X] Bad request (likely invalid headend or postalCode)
[2025-10-31 12:47:50] [ERROR] [TCA-0003402-X] Bad request (likely invalid headend or postalCode)
[2025-10-31 12:47:51] [ERROR] [LCA-0000271-X] Bad request (likely invalid headend or postalCode)
[2025-10-31 12:47:51] [INFO]   [LCA-0000271-X] 0 channels, 0 events
[2025-10-31 12:47:51] [ERROR] [TTO-0004215-X] Bad request (likely invalid headend or postalCode)
[2025-10-31 12:47:51] [INFO]   [TTO-0004215-X] 0 channels, 0 events
[2025-10-31 12:47:51] [INFO]   [KNA-0000050-DEFAULT] 197 channels, 5373 events
[2025-10-31 12:47:52] [ERROR] [TCA-0003402-X] Bad request (likely invalid headend or postalCode)
[2025-10-31 12:47:52] [INFO]   [TCA-0003402-X] 0 channels, 0 events
[2025-10-31 12:47:53] [INFO]   [USA-DITV501-X] 615 channels, 16813 events
[2025-10-31 12:47:56] [INFO]   [USA-NJ29458-L] 491 channels, 13142 events
[2025-10-31 12:47:56] [INFO]   [USA-DISH501-X] 559 channels, 14855 events
[2025-10-31 12:47:56] [INFO]   [USA-NY31534-X] 449 channels, 11681 events
[2025-10-31 12:47:57] [ERROR] [USA-VIZIO-X] Bad request (likely invalid headend or postalCode)
[2025-10-31 12:47:58] [INFO]   [USA-IL56991-X] 599 channels, 14757 events
[2025-10-31 12:47:58] [ERROR] [USA-VIZIO-X] Bad request (likely invalid headend or postalCode)
[2025-10-31 12:47:58] [INFO]   [USA-NY31532-L] 489 channels, 13066 events
[2025-10-31 12:47:59] [ERROR] [USA-VIZIO-X] Bad request (likely invalid headend or postalCode)
[2025-10-31 12:48:00] [ERROR] [USA-VIZIO-X] Bad request (likely invalid headend or postalCode)
[2025-10-31 12:48:00] [INFO]   [USA-VIZIO-X] 0 channels, 0 events
[2025-10-31 12:48:01] [INFO]   [USA-NY72041-X] 96 channels, 2725 events
[2025-10-31 12:48:01] [INFO]   [USA-NY53039-X] 512 channels, 13409 events
[2025-10-31 12:48:04] [INFO]   [USA-NY65256-X] 618 channels, 15950 events
[2025-10-31 12:48:04] [INFO]   [USA-CT62508-X] 518 channels, 13606 events
[2025-10-31 12:48:05] [INFO]   [USA-DITV567-X] 589 channels, 16014 events
[2025-10-31 12:48:07] [INFO]   [USA-NJ29490-X] 353 channels, 9749 events
[2025-10-31 12:48:07] [INFO]   [USA-CT58914-L] 484 channels, 12751 events
[2025-10-31 12:48:09] [INFO]   [USA-DISH803-X] 584 channels, 15591 events
[2025-10-31 12:48:10] [INFO]   [USA-CA67310-L] 505 channels, 12846 events
[2025-10-31 12:48:11] [INFO]   [USA-CA04768-X] 648 channels, 16219 events
[2025-10-31 12:48:13] [INFO]   [USA-DITV803-X] 614 channels, 16796 events
[2025-10-31 12:48:14] [ERROR] [AIA-0000040-X] Bad request (likely invalid headend or postalCode)
[2025-10-31 12:48:14] [INFO]   [USA-NY66739-X] 617 channels, 15883 events
[2025-10-31 12:48:14] [INFO]   [USA-CA67310-X] 464 channels, 11807 events
[2025-10-31 12:48:15] [ERROR] [AIA-0000040-X] Bad request (likely invalid headend or postalCode)
[2025-10-31 12:48:16] [ERROR] [AIA-0000040-X] Bad request (likely invalid headend or postalCode)
[2025-10-31 12:48:16] [INFO]   [USA-CO68828-X] 513 channels, 13316 events
[2025-10-31 12:48:17] [ERROR] [AIA-0000040-X] Bad request (likely invalid headend or postalCode)
[2025-10-31 12:48:17] [INFO]   [USA-CA04523-X] 626 channels, 15278 events
[2025-10-31 12:48:17] [INFO]   [AIA-0000040-X] 0 channels, 0 events
[2025-10-31 12:48:17] [ERROR] [CAN-0005993-X] Bad request (likely invalid headend or postalCode)
[2025-10-31 12:48:18] [ERROR] [CAN-0005993-X] Bad request (likely invalid headend or postalCode)
[2025-10-31 12:48:19] [INFO]   [BLZ-0000270-DEFAULT] 197 channels, 5373 events
[2025-10-31 12:48:19] [INFO]   [ABW-0000103-DEFAULT] 197 channels, 5373 events
[2025-10-31 12:48:19] [ERROR] [CRI-0001295-X] Bad request (likely invalid headend or postalCode)
[2025-10-31 12:48:19] [ERROR] [CUW-0003397-X] Bad request (likely invalid headend or postalCode)
[2025-10-31 12:48:20] [ERROR] [CAN-0005993-X] Bad request (likely invalid headend or postalCode)
[2025-10-31 12:48:20] [ERROR] [CRI-0001295-X] Bad request (likely invalid headend or postalCode)
[2025-10-31 12:48:20] [ERROR] [CUW-0003397-X] Bad request (likely invalid headend or postalCode)
[2025-10-31 12:48:21] [ERROR] [CAN-0005993-X] Bad request (likely invalid headend or postalCode)
[2025-10-31 12:48:21] [INFO]   [CAN-0005993-X] 0 channels, 0 events
[2025-10-31 12:48:21] [INFO]   [BES-0000044-DEFAULT] 197 channels, 5373 events
[2025-10-31 12:48:21] [ERROR] [CRI-0001295-X] Bad request (likely invalid headend or postalCode)
[2025-10-31 12:48:21] [ERROR] [CUW-0003397-X] Bad request (likely invalid headend or postalCode)
[2025-10-31 12:48:21] [INFO]   [CYM-0000035-DEFAULT] 197 channels, 5373 events
[2025-10-31 12:48:22] [ERROR] [LCA-0005828-X] Bad request (likely invalid headend or postalCode)
[2025-10-31 12:48:22] [ERROR] [CRI-0001295-X] Bad request (likely invalid headend or postalCode)
[2025-10-31 12:48:22] [INFO]   [CRI-0001295-X] 0 channels, 0 events
[2025-10-31 12:48:22] [ERROR] [CUW-0003397-X] Bad request (likely invalid headend or postalCode)
[2025-10-31 12:48:22] [INFO]   [CUW-0003397-X] 0 channels, 0 events
[2025-10-31 12:48:23] [ERROR] [LCA-0005828-X] Bad request (likely invalid headend or postalCode)
[2025-10-31 12:48:24] [ERROR] [LCA-0005828-X] Bad request (likely invalid headend or postalCode)
[2025-10-31 12:48:25] [INFO]   [DMA-0000032-DEFAULT] 197 channels, 5373 events
[2025-10-31 12:48:25] [ERROR] [LCA-0005828-X] Bad request (likely invalid headend or postalCode)
[2025-10-31 12:48:25] [INFO]   [LCA-0005828-X] 0 channels, 0 events
[2025-10-31 12:48:26] [INFO]   [KNA-0003394-DEFAULT] 197 channels, 5373 events
[2025-10-31 12:48:26] [INFO]   [USA-IL67615-X] 107 channels, 3254 events
[2025-10-31 12:48:27] [INFO]   [USA-IL00239-X] 296 channels, 7388 events
[2025-10-31 12:48:31] [INFO]   [USA-IL53277-X] 601 channels, 14922 events
[2025-10-31 12:48:31] [INFO] Fetch complete: 50 succeeded, 0 failed
[2025-10-31 12:48:31] [INFO]   Raw channels collected: 13720
[2025-10-31 12:48:31] [INFO] Merging duplicate channels across lineups...
[2025-10-31 12:48:31] [INFO]   Final unique channels: 2916
[2025-10-31 12:48:31] [INFO]   Total events after deduplication: 74330
[2025-10-31 12:48:32] [INFO] Writing 74330 valid events to XML
[2025-10-31 12:48:32] [INFO]   New episodes: 6945
[2025-10-31 12:48:32] [INFO]   Reruns: 67385
[2025-10-31 12:48:32] [INFO]   Unknown status: 0
[2025-10-31 12:48:33] [INFO] EPG successfully written to docs/EPG.xml
[2025-10-31 12:50:02] [ERROR] No lineup IDs found.
[2025-10-31 12:50:02] [ERROR]   Lookup mode: counrty
[2025-10-31 12:50:02] [ERROR]   Lookup value: usa
[2025-10-31 12:50:02] [ERROR]   Check your EPG_LOOKUP_MODE/EPG_LOOKUP_VALUE or set EPG_LINEUP_ID directly.
[2025-10-31 12:51:15] [ERROR] No lineup IDs found.
[2025-10-31 12:51:15] [ERROR]   Lookup mode: counrty
[2025-10-31 12:51:15] [ERROR]   Lookup value: USA
[2025-10-31 12:51:15] [ERROR]   Check your EPG_LOOKUP_MODE/EPG_LOOKUP_VALUE or set EPG_LINEUP_ID directly.
[2025-10-31 12:51:31] [INFO] Starting EPG fetch for 46 lineup(s)
[2025-10-31 12:51:31] [INFO]   Timespan: 24 hours
[2025-10-31 12:51:31] [INFO]   Parallel: True (workers: 5)
[2025-10-31 12:51:32] [ERROR] [USA-SLINGTV-X] Bad request (likely invalid headend or postalCode)
[2025-10-31 12:51:33] [ERROR] [USA-SLINGTV-X] Bad request (likely invalid headend or postalCode)
[2025-10-31 12:51:34] [ERROR] [USA-SLINGTV-X] Bad request (likely invalid headend or postalCode)
[2025-10-31 12:51:35] [ERROR] [USA-SLINGTV-X] Bad request (likely invalid headend or postalCode)
[2025-10-31 12:51:35] [INFO]   [USA-SLINGTV-X] 0 channels, 0 events
[2025-10-31 12:51:36] [INFO]   [USA-VA70448-X] 70 channels, 2802 events
[2025-10-31 12:51:36] [INFO]   [USA-KY16437-X] 185 channels, 4728 events
[2025-10-31 12:51:37] [INFO]   [USA-NJ29458-L] 491 channels, 13139 events
[2025-10-31 12:51:38] [INFO]   [USA-NJ67209-X] 605 channels, 15916 events
[2025-10-31 12:51:40] [INFO]   [USA-ECHOST-X] 488 channels, 12536 events
[2025-10-31 12:51:41] [INFO]   [USA-NE72069-X] 233 channels, 5439 events
[2025-10-31 12:51:42] [INFO]   [USA-HI51409-L] 617 channels, 14927 events
[2025-10-31 12:51:42] [ERROR] [USA-SAMSUNG-X] Bad request (likely invalid headend or postalCode)
[2025-10-31 12:51:43] [ERROR] [USA-SAMSUNG-X] Bad request (likely invalid headend or postalCode)
[2025-10-31 12:51:43] [INFO]   [USA-MN22623-X] 588 channels, 13970 events
[2025-10-31 12:51:43] [INFO]   [USA-MN22583-X] 564 channels, 13441 events
[2025-10-31 12:51:44] [ERROR] [USA-SAMSUNG-X] Bad request (likely invalid headend or postalCode)
[2025-10-31 12:51:45] [ERROR] [USA-SAMSUNG-X] Bad request (likely invalid headend or postalCode)
[2025-10-31 12:51:45] [INFO]   [USA-SAMSUNG-X] 0 channels, 0 events
[2025-10-31 12:51:46] [INFO]   [USA-MN22515-X] 580 channels, 13743 events
[2025-10-31 12:51:47] [INFO]   [USA-MI21536-X] 512 channels, 13623 events
[2025-10-31 12:51:48] [INFO]   [USA-CO71769-X] 230 channels, 5576 events
[2025-10-31 12:51:49] [INFO]   [USA-MA00247-X] 584 channels, 14120 events
[2025-10-31 12:51:51] [INFO]   [USA-MA55456-X] 673 channels, 16569 events
[2025-10-31 12:51:53] [INFO]   [USA-TX60536-X] 302 channels, 7878 events
[2025-10-31 12:51:53] [INFO]   [USA-NY66739-X] 617 channels, 15885 events
[2025-10-31 12:51:54] [INFO]   [USA-WI72059-X] 213 channels, 5513 events
[2025-10-31 12:51:55] [INFO]   [USA-CO68610-X] 708 channels, 15619 events
[2025-10-31 12:51:55] [INFO]   [USA-GLRYSTR-X] 71 channels, 1356 events
[2025-10-31 12:51:58] [INFO]   [USA-NY31451-X] 333 channels, 7914 events
[2025-10-31 12:51:58] [INFO]   [USA-CA04523-X] 626 channels, 15274 events
[2025-10-31 12:51:59] [INFO]   [USA-PA37625-X] 98 channels, 2713 events
[2025-10-31 12:51:59] [INFO]   [USA-WI48519-X] 441 channels, 10977 events
[2025-10-31 12:52:00] [INFO]   [USA-NY63086-X] 479 channels, 12282 events
[2025-10-31 12:52:03] [INFO]   [USA-PA70300-X] 286 channels, 7425 events
[2025-10-31 12:52:03] [INFO]   [USA-IL63451-X] 467 channels, 12046 events
[2025-10-31 12:52:04] [INFO]   [USA-PA37752-X] 285 channels, 7430 events
[2025-10-31 12:52:05] [INFO]   [USA-TX57921-X] 219 channels, 5930 events
[2025-10-31 12:52:06] [ERROR] [USA-PLUTOTV-X] Bad request (likely invalid headend or postalCode)
[2025-10-31 12:52:07] [ERROR] [USA-PLUTOTV-X] Bad request (likely invalid headend or postalCode)
[2025-10-31 12:52:07] [INFO]   [USA-WA71086-X] 218 channels, 5750 events
[2025-10-31 12:52:08] [ERROR] [USA-PLUTOTV-X] Bad request (likely invalid headend or postalCode)
[2025-10-31 12:52:08] [INFO]   [USA-MT25412-X] 286 channels, 6937 events
[2025-10-31 12:52:09] [INFO]   [USA-GA67805-X] 1126 channels, 32456 events
[2025-10-31 12:52:09] [INFO]   [USA-DITV-X] 514 channels, 13678 events
[2025-10-31 12:52:10] [ERROR] [USA-PLUTOTV-X] Bad request (likely invalid headend or postalCode)
[2025-10-31 12:52:10] [INFO]   [USA-PLUTOTV-X] 0 channels, 0 events
[2025-10-31 12:52:11] [INFO]   [USA-CO69930-X] 67 channels, 1788 events
[2025-10-31 12:52:13] [INFO]   [USA-FL71942-X] 321 channels, 6115 events
[2025-10-31 12:52:13] [INFO]   [USA-GU70062-DEFAULT] 197 channels, 5373 events
[2025-10-31 12:52:14] [INFO]   [USA-CO68828-X] 513 channels, 13305 events
[2025-10-31 12:52:15] [INFO]   [USA-CA66343-X] 597 channels, 15853 events
[2025-10-31 12:52:16] [INFO]   [USA-GU70062-X] 164 channels, 4410 events
[2025-10-31 12:52:18] [INFO]   [USA-GA71729-X] 179 channels, 4655 events
[2025-10-31 12:52:18] [INFO]   [USA-CA02268-L] 217 channels, 5558 events
[2025-10-31 12:52:19] [INFO]   [USA-NY72041-X] 96 channels, 2730 events
[2025-10-31 12:52:20] [INFO]   [USA-AL01441-L] 456 channels, 11151 events
[2025-10-31 12:52:22] [INFO]   [USA-PA37621-X] 493 channels, 11635 events
[2025-10-31 12:52:22] [INFO] Fetch complete: 46 succeeded, 0 failed
[2025-10-31 12:52:22] [INFO]   Raw channels collected: 17009
[2025-10-31 12:52:22] [INFO] Merging duplicate channels across lineups...
[2025-10-31 12:52:22] [INFO]   Final unique channels: 5402
[2025-10-31 12:52:22] [INFO]   Total events after deduplication: 137361
[2025-10-31 12:52:24] [INFO] Writing 137361 valid events to XML
[2025-10-31 12:52:24] [INFO]   New episodes: 18008
[2025-10-31 12:52:24] [INFO]   Reruns: 119353
[2025-10-31 12:52:24] [INFO]   Unknown status: 0
[2025-10-31 12:52:25] [INFO] EPG successfully written to docs/EPG.xml
[2025-10-31 12:53:04] [INFO] Starting EPG fetch for 50 lineup(s)
[2025-10-31 12:53:04] [INFO]   Timespan: 24 hours
[2025-10-31 12:53:04] [INFO]   Parallel: True (workers: 5)
[2025-10-31 12:53:08] [INFO]   [USA-LA67343-DEFAULT] 197 channels, 5373 events
[2025-10-31 12:53:08] [INFO]   [USA-OTA14043] 197 channels, 5373 events
[2025-10-31 12:53:09] [INFO]   [USA-OTA13623] 197 channels, 5373 events
[2025-10-31 12:53:09] [INFO]   [USA-OTA49286] 197 channels, 5373 events
[2025-10-31 12:53:09] [INFO]   [USA-GU70062-DEFAULT] 197 channels, 5373 events
[2025-10-31 12:53:13] [INFO]   [USA-OTA05460] 197 channels, 5373 events
[2025-10-31 12:53:13] [INFO]   [USA-OTA98231] 197 channels, 5373 events
[2025-10-31 12:53:13] [INFO]   [USA-OTA12958] 197 channels, 5373 events
[2025-10-31 12:53:13] [INFO]   [USA-OTA12953] 197 channels, 5373 events
[2025-10-31 12:53:13] [INFO]   [USA-OTA59427] 197 channels, 5373 events
[2025-10-31 12:53:17] [INFO]   [USA-OTA16504] 197 channels, 5373 events
[2025-10-31 12:53:17] [INFO]   [USA-OTA05846] 197 channels, 5373 events
[2025-10-31 12:53:17] [INFO]   [USA-OTA48371] 197 channels, 5373 events
[2025-10-31 12:53:17] [INFO]   [USA-OTA13678] 197 channels, 5373 events
[2025-10-31 12:53:17] [INFO]   [USA-OTA48039] 197 channels, 5373 events
[2025-10-31 12:53:21] [INFO]   [USA-OTA14226] 197 channels, 5373 events
[2025-10-31 12:53:21] [INFO]   [USA-OTA14305] 197 channels, 5373 events
[2025-10-31 12:53:21] [INFO]   [USA-OTA14623] 197 channels, 5373 events
[2025-10-31 12:53:21] [INFO]   [USA-OTA48060] 197 channels, 5373 events
[2025-10-31 12:53:21] [INFO]   [USA-OTA04491] 197 channels, 5373 events
[2025-10-31 12:53:25] [INFO]   [USA-OTA98226] 197 channels, 5373 events
[2025-10-31 12:53:25] [INFO]   [USA-OTA98221] 197 channels, 5373 events
[2025-10-31 12:53:25] [INFO]   [USA-OTA98362] 197 channels, 5373 events
[2025-10-31 12:53:25] [INFO]   [USA-OTA48235] 197 channels, 5373 events
[2025-10-31 12:53:26] [INFO]   [USA-OTA14612] 197 channels, 5373 events
[2025-10-31 12:53:29] [INFO]   [USA-OTA48207] 197 channels, 5373 events
[2025-10-31 12:53:29] [INFO]   [USA-OTA16509] 197 channels, 5373 events
[2025-10-31 12:53:29] [INFO]   [USA-OTA55606] 197 channels, 5373 events
[2025-10-31 12:53:30] [INFO]   [USA-OTA48088] 197 channels, 5373 events
[2025-10-31 12:53:30] [INFO]   [USA-OTA14173] 197 channels, 5373 events
[2025-10-31 12:53:33] [INFO]   [USA-OTA04756] 197 channels, 5373 events
[2025-10-31 12:53:33] [INFO]   [USA-OTA04747] 197 channels, 5373 events
[2025-10-31 12:53:33] [INFO]   [USA-OTA12979] 197 channels, 5373 events
[2025-10-31 12:53:34] [INFO]   [USA-OTA14202] 197 channels, 5373 events
[2025-10-31 12:53:34] [INFO]   [USA-OTA13664] 197 channels, 5373 events
[2025-10-31 12:53:37] [INFO]   [USA-OTA14622] 197 channels, 5373 events
[2025-10-31 12:53:38] [INFO]   [USA-OTA58222] 197 channels, 5373 events
[2025-10-31 12:53:38] [INFO]   [USA-OTA94062] 197 channels, 5373 events
[2025-10-31 12:53:38] [INFO]   [USA-OTA92549] 197 channels, 5373 events
[2025-10-31 12:53:39] [INFO]   [USA-OTA93252] 197 channels, 5373 events
[2025-10-31 12:53:42] [INFO]   [USA-OTA78040] 197 channels, 5373 events
[2025-10-31 12:53:42] [INFO]   [USA-OTA96079] 197 channels, 5373 events
[2025-10-31 12:53:42] [INFO]   [USA-OTA93777] 197 channels, 5373 events
[2025-10-31 12:53:42] [INFO]   [USA-OTA74650] 197 channels, 5373 events
[2025-10-31 12:53:43] [INFO]   [USA-OTA92281] 197 channels, 5373 events
[2025-10-31 12:53:46] [INFO]   [USA-OTA73702] 197 channels, 5373 events
[2025-10-31 12:53:46] [INFO]   [USA-OTA31014] 197 channels, 5373 events
[2025-10-31 12:53:47] [INFO]   [USA-OTA38363] 197 channels, 5373 events
[2025-10-31 12:53:47] [INFO]   [USA-OTA34120] 197 channels, 5373 events
[2025-10-31 12:53:47] [INFO]   [USA-OTA46508] 197 channels, 5373 events
[2025-10-31 12:53:47] [INFO] Fetch complete: 50 succeeded, 0 failed
[2025-10-31 12:53:47] [INFO]   Raw channels collected: 9850
[2025-10-31 12:53:47] [INFO] Merging duplicate channels across lineups...
[2025-10-31 12:53:48] [INFO]   Final unique channels: 197
[2025-10-31 12:53:48] [INFO]   Total events after deduplication: 5373
[2025-10-31 12:53:48] [INFO] Writing 5373 valid events to XML
[2025-10-31 12:53:48] [INFO]   New episodes: 368
[2025-10-31 12:53:48] [INFO]   Reruns: 5005
[2025-10-31 12:53:48] [INFO] EPG successfully written to docs/EPG.xml
[2025-10-31 12:55:30] [INFO] Starting EPG fetch for 46 lineup(s)
[2025-10-31 12:55:30] [INFO]   Timespan: 72 hours
[2025-10-31 12:55:30] [INFO]   Parallel: True (workers: 5)
[2025-10-31 12:55:30] [ERROR] [USA-SLINGTV-X] Bad request (likely invalid headend or postalCode)
[2025-10-31 12:55:31] [ERROR] [USA-SLINGTV-X] Bad request (likely invalid headend or postalCode)
[2025-10-31 12:55:32] [ERROR] [USA-SLINGTV-X] Bad request (likely invalid headend or postalCode)
[2025-10-31 12:55:33] [ERROR] [USA-SLINGTV-X] Bad request (likely invalid headend or postalCode)
[2025-10-31 12:55:34] [ERROR] [USA-SLINGTV-X] Bad request (likely invalid headend or postalCode)
[2025-10-31 12:55:36] [ERROR] [USA-SLINGTV-X] Bad request (likely invalid headend or postalCode)
[2025-10-31 12:55:37] [ERROR] [USA-SLINGTV-X] Bad request (likely invalid headend or postalCode)
[2025-10-31 12:55:38] [ERROR] [USA-SLINGTV-X] Bad request (likely invalid headend or postalCode)
[2025-10-31 12:55:39] [ERROR] [USA-SLINGTV-X] Bad request (likely invalid headend or postalCode)
[2025-10-31 12:55:40] [ERROR] [USA-SLINGTV-X] Bad request (likely invalid headend or postalCode)
[2025-10-31 12:55:41] [ERROR] [USA-SLINGTV-X] Bad request (likely invalid headend or postalCode)
[2025-10-31 12:55:42] [ERROR] [USA-SLINGTV-X] Bad request (likely invalid headend or postalCode)
[2025-10-31 12:55:42] [INFO]   [USA-SLINGTV-X] 0 channels, 0 events
[2025-10-31 12:55:43] [INFO]   [USA-VA70448-X] 70 channels, 8160 events
[2025-10-31 12:55:44] [INFO]   [USA-KY16437-X] 185 channels, 13600 events
[2025-10-31 12:55:47] [INFO]   [USA-NJ29458-L] 491 channels, 37285 events
[2025-10-31 12:55:48] [INFO]   [USA-NJ67209-X] 605 channels, 45222 events
[2025-10-31 12:55:59] [INFO]   [USA-NE72069-X] 233 channels, 15504 events
[2025-10-31 12:55:59] [INFO]   [USA-ECHOST-X] 488 channels, 35657 events
[2025-10-31 12:56:02] [INFO]   [USA-HI51409-L] 617 channels, 42743 events
[2025-10-31 12:56:02] [ERROR] [USA-SAMSUNG-X] Bad request (likely invalid headend or postalCode)
[2025-10-31 12:56:03] [ERROR] [USA-SAMSUNG-X] Bad request (likely invalid headend or postalCode)
[2025-10-31 12:56:04] [ERROR] [USA-SAMSUNG-X] Bad request (likely invalid headend or postalCode)
[2025-10-31 12:56:05] [ERROR] [USA-SAMSUNG-X] Bad request (likely invalid headend or postalCode)
[2025-10-31 12:56:06] [INFO]   [USA-MN22583-X] 564 channels, 37752 events
[2025-10-31 12:56:06] [ERROR] [USA-SAMSUNG-X] Bad request (likely invalid headend or postalCode)
[2025-10-31 12:56:06] [INFO]   [USA-MN22623-X] 588 channels, 39275 events
[2025-10-31 12:56:07] [ERROR] [USA-SAMSUNG-X] Bad request (likely invalid headend or postalCode)
[2025-10-31 12:56:09] [ERROR] [USA-SAMSUNG-X] Bad request (likely invalid headend or postalCode)
[2025-10-31 12:56:10] [ERROR] [USA-SAMSUNG-X] Bad request (likely invalid headend or postalCode)
[2025-10-31 12:56:11] [ERROR] [USA-SAMSUNG-X] Bad request (likely invalid headend or postalCode)
[2025-10-31 12:56:12] [ERROR] [USA-SAMSUNG-X] Bad request (likely invalid headend or postalCode)
[2025-10-31 12:56:13] [ERROR] [USA-SAMSUNG-X] Bad request (likely invalid headend or postalCode)
[2025-10-31 12:56:14] [ERROR] [USA-SAMSUNG-X] Bad request (likely invalid headend or postalCode)
[2025-10-31 12:56:14] [INFO]   [USA-SAMSUNG-X] 0 channels, 0 events
[2025-10-31 12:56:19] [INFO]   [USA-MI21536-X] 512 channels, 38322 events
[2025-10-31 12:56:19] [INFO]   [USA-MN22515-X] 580 channels, 38617 events
[2025-10-31 12:56:21] [INFO]   [USA-CO71769-X] 230 channels, 15945 events
[2025-10-31 12:56:24] [INFO]   [USA-MA00247-X] 584 channels, 40219 events
[2025-10-31 12:56:34] [INFO]   [USA-MA55456-X] 673 channels, 47010 events
[2025-10-31 12:56:37] [INFO]   [USA-TX60536-X] 302 channels, 22261 events
[2025-10-31 12:56:39] [INFO]   [USA-NY66739-X] 617 channels, 44894 events
[2025-10-31 12:56:39] [INFO]   [USA-CO68610-X] 708 channels, 43497 events
[2025-10-31 12:56:40] [INFO]   [USA-WI72059-X] 213 channels, 15657 events
[2025-10-31 12:56:47] [INFO]   [USA-GLRYSTR-X] 71 channels, 3924 events
[2025-10-31 12:56:55] [INFO]   [USA-PA37625-X] 98 channels, 7852 events
[2025-10-31 12:56:56] [INFO]   [USA-NY31451-X] 333 channels, 22508 events
[2025-10-31 12:56:57] [INFO]   [USA-WI48519-X] 441 channels, 31199 events
[2025-10-31 12:56:57] [INFO]   [USA-CA04523-X] 626 channels, 43593 events
[2025-10-31 12:57:05] [INFO]   [USA-NY63086-X] 479 channels, 34894 events
[2025-10-31 12:57:12] [INFO]   [USA-PA70300-X] 286 channels, 21379 events
[2025-10-31 12:57:14] [INFO]   [USA-PA37752-X] 285 channels, 21396 events
[2025-10-31 12:57:15] [INFO]   [USA-IL63451-X] 467 channels, 34353 events
[2025-10-31 12:57:21] [INFO]   [USA-TX57921-X] 219 channels, 16914 events
[2025-10-31 12:57:21] [ERROR] [USA-PLUTOTV-X] Bad request (likely invalid headend or postalCode)
[2025-10-31 12:57:22] [INFO]   [USA-GA67805-X] 1126 channels, 90066 events
[2025-10-31 12:57:23] [ERROR] [USA-PLUTOTV-X] Bad request (likely invalid headend or postalCode)
[2025-10-31 12:57:24] [ERROR] [USA-PLUTOTV-X] Bad request (likely invalid headend or postalCode)
[2025-10-31 12:57:25] [ERROR] [USA-PLUTOTV-X] Bad request (likely invalid headend or postalCode)
[2025-10-31 12:57:26] [ERROR] [USA-PLUTOTV-X] Bad request (likely invalid headend or postalCode)
[2025-10-31 12:57:27] [ERROR] [USA-PLUTOTV-X] Bad request (likely invalid headend or postalCode)
[2025-10-31 12:57:27] [INFO]   [USA-WA71086-X] 218 channels, 16513 events
[2025-10-31 12:57:28] [ERROR] [USA-PLUTOTV-X] Bad request (likely invalid headend or postalCode)
[2025-10-31 12:57:29] [ERROR] [USA-PLUTOTV-X] Bad request (likely invalid headend or postalCode)
[2025-10-31 12:57:30] [INFO]   [USA-MT25412-X] 286 channels, 19678 events
[2025-10-31 12:57:30] [ERROR] [USA-PLUTOTV-X] Bad request (likely invalid headend or postalCode)
[2025-10-31 12:57:31] [ERROR] [USA-PLUTOTV-X] Bad request (likely invalid headend or postalCode)
[2025-10-31 12:57:32] [ERROR] [USA-PLUTOTV-X] Bad request (likely invalid headend or postalCode)
[2025-10-31 12:57:33] [INFO]   [USA-DITV-X] 514 channels, 39060 events
[2025-10-31 12:57:34] [ERROR] [USA-PLUTOTV-X] Bad request (likely invalid headend or postalCode)
[2025-10-31 12:57:34] [INFO]   [USA-PLUTOTV-X] 0 channels, 0 events
[2025-10-31 12:57:35] [INFO]   [USA-CO69930-X] 67 channels, 5118 events
[2025-10-31 12:57:43] [INFO]   [USA-FL71942-X] 321 channels, 17469 events
[2025-10-31 12:57:48] [INFO]   [USA-GU70062-DEFAULT] 197 channels, 15306 events
[2025-10-31 12:57:48] [INFO]   [USA-CO68828-X] 513 channels, 37958 events
[2025-10-31 12:57:50] [INFO]   [USA-GU70062-X] 164 channels, 12785 events
[2025-10-31 12:57:55] [INFO]   [USA-CA66343-X] 597 channels, 45221 events
[2025-10-31 12:58:00] [INFO]   [USA-CA02268-L] 217 channels, 15739 events
[2025-10-31 12:58:03] [INFO]   [USA-NY72041-X] 96 channels, 7935 events
[2025-10-31 12:58:04] [INFO]   [USA-GA71729-X] 179 channels, 13357 events
[2025-10-31 12:58:09] [INFO]   [USA-AL01441-L] 456 channels, 31658 events
[2025-10-31 12:58:12] [INFO]   [USA-PA37621-X] 493 channels, 33147 events
[2025-10-31 12:58:12] [INFO] Fetch complete: 46 succeeded, 0 failed
[2025-10-31 12:58:12] [INFO]   Raw channels collected: 17009
[2025-10-31 12:58:12] [INFO] Merging duplicate channels across lineups...
[2025-10-31 12:58:13] [INFO]   Final unique channels: 5402
[2025-10-31 12:58:13] [INFO]   Total events after deduplication: 385546
[2025-10-31 12:58:21] [INFO] Writing 385546 valid events to XML
[2025-10-31 12:58:21] [INFO]   New episodes: 46388
[2025-10-31 12:58:21] [INFO]   Reruns: 339158
[2025-10-31 12:58:24] [INFO] EPG successfully written to docs/EPG.xml
[2025-10-31 12:59:00] [INFO] Starting EPG fetch for 44 lineup(s)
[2025-10-31 12:59:00] [INFO]   Timespan: 72 hours
[2025-10-31 12:59:00] [INFO]   Parallel: True (workers: 5)
[2025-10-31 12:59:00] [ERROR] [USA-SLINGTV-X] Bad request (likely invalid headend or postalCode)
[2025-10-31 12:59:01] [ERROR] [USA-SLINGTV-X] Bad request (likely invalid headend or postalCode)
[2025-10-31 12:59:03] [ERROR] [USA-SLINGTV-X] Bad request (likely invalid headend or postalCode)
[2025-10-31 12:59:04] [ERROR] [USA-SLINGTV-X] Bad request (likely invalid headend or postalCode)
[2025-10-31 12:59:05] [ERROR] [USA-SLINGTV-X] Bad request (likely invalid headend or postalCode)
[2025-10-31 12:59:06] [ERROR] [USA-SLINGTV-X] Bad request (likely invalid headend or postalCode)
[2025-10-31 12:59:07] [ERROR] [USA-SLINGTV-X] Bad request (likely invalid headend or postalCode)
[2025-10-31 12:59:08] [ERROR] [USA-SLINGTV-X] Bad request (likely invalid headend or postalCode)
[2025-10-31 12:59:09] [ERROR] [USA-SLINGTV-X] Bad request (likely invalid headend or postalCode)
[2025-10-31 12:59:10] [ERROR] [USA-SLINGTV-X] Bad request (likely invalid headend or postalCode)
[2025-10-31 12:59:11] [ERROR] [USA-SLINGTV-X] Bad request (likely invalid headend or postalCode)
[2025-10-31 12:59:12] [ERROR] [USA-SLINGTV-X] Bad request (likely invalid headend or postalCode)
[2025-10-31 12:59:12] [INFO]   [USA-SLINGTV-X] 0 channels, 0 events
[2025-10-31 12:59:13] [INFO]   [USA-VA70448-X] 70 channels, 8055 events
[2025-10-31 12:59:14] [INFO]   [USA-KY16437-X] 185 channels, 13444 events
[2025-10-31 12:59:17] [INFO]   [USA-NJ29458-L] 491 channels, 36846 events
[2025-10-31 12:59:18] [INFO]   [USA-NJ67209-X] 605 channels, 44706 events
[2025-10-31 12:59:29] [INFO]   [USA-NE72069-X] 233 channels, 15330 events
[2025-10-31 12:59:30] [INFO]   [USA-ECHOST-X] 488 channels, 35238 events
[2025-10-31 12:59:33] [INFO]   [USA-HI51409-L] 617 channels, 42223 events
[2025-10-31 12:59:36] [INFO]   [USA-MN22623-X] 588 channels, 38812 events
[2025-10-31 12:59:37] [INFO]   [USA-MN22583-X] 564 channels, 37302 events
[2025-10-31 12:59:49] [INFO]   [USA-MN22515-X] 580 channels, 38197 events
[2025-10-31 12:59:49] [INFO]   [USA-MI21536-X] 512 channels, 37886 events
[2025-10-31 12:59:50] [INFO]   [USA-MA00247-X] 584 channels, 39743 events
[2025-10-31 12:59:51] [INFO]   [USA-CO71769-X] 230 channels, 15770 events
[2025-10-31 12:59:56] [INFO]   [USA-MA55456-X] 673 channels, 46443 events
[2025-10-31 13:00:07] [INFO]   [USA-WI72059-X] 213 channels, 15495 events
[2025-10-31 13:00:07] [WARNING] [USA-TX60536-X] Retry 1/3 in 1.2s (status 429)
[2025-10-31 13:00:07] [WARNING] [USA-GLRYSTR-X] Retry 1/3 in 1.9s (status 429)
[2025-10-31 13:00:07] [WARNING] [USA-CO68610-X] Retry 1/3 in 1.3s (status 429)
[2025-10-31 13:00:07] [INFO]   [USA-NY66739-X] 617 channels, 44418 events
[2025-10-31 13:00:07] [WARNING] [USA-CA04523-X] Retry 1/3 in 1.4s (status 429)
[2025-10-31 13:00:07] [WARNING] [USA-NY31451-X] Retry 1/3 in 1.8s (status 429)
[2025-10-31 13:00:08] [WARNING] [USA-TX60536-X] Retry 2/3 in 2.4s (status 429)
[2025-10-31 13:00:08] [WARNING] [USA-CO68610-X] Retry 2/3 in 2.7s (status 429)
[2025-10-31 13:00:09] [WARNING] [USA-CA04523-X] Retry 2/3 in 2.7s (status 429)
[2025-10-31 13:00:09] [WARNING] [USA-GLRYSTR-X] Retry 2/3 in 2.8s (status 429)
[2025-10-31 13:00:09] [WARNING] [USA-NY31451-X] Retry 2/3 in 2.4s (status 429)
[2025-10-31 13:00:11] [WARNING] [USA-TX60536-X] Retry 3/3 in 4.7s (status 429)
[2025-10-31 13:00:11] [WARNING] [USA-CO68610-X] Retry 3/3 in 4.2s (status 429)
[2025-10-31 13:00:11] [WARNING] [USA-CA04523-X] Retry 3/3 in 4.6s (status 429)
[2025-10-31 13:00:12] [WARNING] [USA-NY31451-X] Retry 3/3 in 4.7s (status 429)
[2025-10-31 13:00:12] [WARNING] [USA-GLRYSTR-X] Retry 3/3 in 4.6s (status 429)
[2025-10-31 13:00:16] [INFO]   [USA-TX60536-X] 302 channels, 20105 events
[2025-10-31 13:00:16] [INFO]   [USA-CO68610-X] 708 channels, 39292 events
[2025-10-31 13:00:16] [WARNING] [USA-WI48519-X] Retry 1/3 in 1.9s (status 429)
[2025-10-31 13:00:16] [WARNING] [USA-PA37625-X] Retry 1/3 in 1.9s (status 429)
[2025-10-31 13:00:17] [WARNING] [USA-CA04523-X] Retry 1/3 in 1.3s (status 429)
[2025-10-31 13:00:17] [WARNING] [USA-NY31451-X] Retry 1/3 in 1.3s (status 429)
[2025-10-31 13:00:18] [WARNING] [USA-GLRYSTR-X] Retry 1/3 in 1.6s (status 429)
[2025-10-31 13:00:18] [WARNING] [USA-WI48519-X] Retry 2/3 in 2.3s (status 429)
[2025-10-31 13:00:18] [WARNING] [USA-PA37625-X] Retry 2/3 in 2.7s (status 429)
[2025-10-31 13:00:18] [WARNING] [USA-CA04523-X] Retry 2/3 in 2.0s (status 429)
[2025-10-31 13:00:19] [WARNING] [USA-NY31451-X] Retry 2/3 in 2.3s (status 429)
[2025-10-31 13:00:19] [WARNING] [USA-GLRYSTR-X] Retry 2/3 in 2.8s (status 429)
[2025-10-31 13:00:20] [WARNING] [USA-WI48519-X] Retry 3/3 in 4.8s (status 429)
[2025-10-31 13:00:20] [WARNING] [USA-CA04523-X] Retry 3/3 in 4.2s (status 429)
[2025-10-31 13:00:20] [WARNING] [USA-PA37625-X] Retry 3/3 in 4.2s (status 429)
[2025-10-31 13:00:21] [WARNING] [USA-NY31451-X] Retry 3/3 in 4.5s (status 429)
[2025-10-31 13:00:22] [WARNING] [USA-GLRYSTR-X] Retry 3/3 in 4.5s (status 429)
[2025-10-31 13:00:26] [WARNING] [USA-PA37625-X] Retry 1/3 in 1.8s (status 429)
[2025-10-31 13:00:26] [WARNING] [USA-CA04523-X] Retry 1/3 in 1.9s (status 429)
[2025-10-31 13:00:26] [WARNING] [USA-WI48519-X] Retry 1/3 in 1.4s (status 429)
[2025-10-31 13:00:27] [WARNING] [USA-NY31451-X] Retry 1/3 in 1.7s (status 429)
[2025-10-31 13:00:27] [WARNING] [USA-WI48519-X] Retry 2/3 in 2.6s (status 429)
[2025-10-31 13:00:28] [WARNING] [USA-PA37625-X] Retry 2/3 in 2.7s (status 429)
[2025-10-31 13:00:28] [WARNING] [USA-GLRYSTR-X] Retry 1/3 in 1.8s (status 429)
[2025-10-31 13:00:28] [WARNING] [USA-CA04523-X] Retry 2/3 in 2.9s (status 429)
[2025-10-31 13:00:28] [WARNING] [USA-NY31451-X] Retry 2/3 in 3.0s (status 429)
[2025-10-31 13:00:29] [WARNING] [USA-GLRYSTR-X] Retry 2/3 in 2.9s (status 429)
[2025-10-31 13:00:30] [WARNING] [USA-WI48519-X] Retry 3/3 in 4.1s (status 429)
[2025-10-31 13:00:30] [WARNING] [USA-PA37625-X] Retry 3/3 in 4.9s (status 429)
[2025-10-31 13:00:31] [WARNING] [USA-CA04523-X] Retry 3/3 in 4.2s (status 429)
[2025-10-31 13:00:31] [WARNING] [USA-NY31451-X] Retry 3/3 in 4.6s (status 429)
[2025-10-31 13:00:32] [WARNING] [USA-GLRYSTR-X] Retry 3/3 in 4.6s (status 429)
[2025-10-31 20:20:24] [INFO] Starting EPG fetch for 4 lineup(s)
[2025-10-31 20:20:24] [INFO]   Timespan: 48 hours
[2025-10-31 20:20:24] [INFO]   Parallel: True (workers: 5)
[2025-10-31 20:20:33] [INFO]   [USA-VA70448-X] 70 channels, 5552 events
[2025-10-31 20:20:34] [INFO]   [USA-KY16437-X] 185 channels, 9100 events
[2025-10-31 20:20:37] [INFO]   [USA-NJ29458-L] 491 channels, 25044 events
[2025-10-31 20:20:39] [INFO]   [USA-NJ67209-X] 605 channels, 30311 events
[2025-10-31 20:20:39] [INFO] Fetch complete: 4 succeeded, 0 failed
[2025-10-31 20:20:39] [INFO]   Raw channels collected: 1351
[2025-10-31 20:20:39] [INFO] Merging duplicate channels across lineups...
[2025-10-31 20:20:39] [INFO]   Final unique channels: 807
[2025-10-31 20:20:39] [INFO]   Total events after deduplication: 43163
[2025-10-31 20:20:40] [INFO] Writing 43163 valid events to XML
[2025-10-31 20:20:40] [INFO]   New episodes: 4236
[2025-10-31 20:20:40] [INFO]   Reruns: 38927
[2025-10-31 20:20:41] [INFO] EPG successfully written to docs/EPG.xml
[2025-11-01 01:02:31] [INFO] Starting EPG fetch for 4 lineup(s)
[2025-11-01 01:02:31] [INFO]   Timespan: 48 hours
[2025-11-01 01:02:31] [INFO]   Parallel: True (workers: 5)
[2025-11-01 01:02:40] [INFO]   [USA-VA70448-X] 70 channels, 5560 events
[2025-11-01 01:02:40] [INFO]   [USA-KY16437-X] 185 channels, 9054 events
[2025-11-01 01:02:42] [INFO]   [USA-NJ29458-L] 491 channels, 24886 events
[2025-11-01 01:02:43] [INFO]   [USA-NJ67209-X] 605 channels, 30151 events
[2025-11-01 01:02:43] [INFO] Fetch complete: 4 succeeded, 0 failed
[2025-11-01 01:02:43] [INFO]   Raw channels collected: 1351
[2025-11-01 01:02:43] [INFO] Merging duplicate channels across lineups...
[2025-11-01 01:02:43] [INFO]   Final unique channels: 807
[2025-11-01 01:02:43] [INFO]   Total events after deduplication: 42892
[2025-11-01 01:02:44] [INFO] Writing 42892 valid events to XML
[2025-11-01 01:02:44] [INFO]   New episodes: 4022
[2025-11-01 01:02:44] [INFO]   Reruns: 38870
[2025-11-01 01:02:45] [INFO] EPG successfully written to docs/EPG.xml
[2025-11-01 12:22:06] [INFO] Starting EPG fetch for 4 lineup(s)
[2025-11-01 12:22:06] [INFO]   Timespan: 48 hours
[2025-11-01 12:22:06] [INFO]   Parallel: True (workers: 5)
[2025-11-01 12:22:17] [INFO]   [USA-VA70448-X] 70 channels, 5546 events
[2025-11-01 12:22:17] [INFO]   [USA-KY16437-X] 185 channels, 9029 events
[2025-11-01 12:22:18] [INFO]   [USA-NJ67209-X] 605 channels, 29957 events
[2025-11-01 12:22:19] [INFO]   [USA-NJ29458-L] 491 channels, 24678 events
[2025-11-01 12:22:19] [INFO] Fetch complete: 4 succeeded, 0 failed
[2025-11-01 12:22:19] [INFO]   Raw channels collected: 1351
[2025-11-01 12:22:19] [INFO] Merging duplicate channels across lineups...
[2025-11-01 12:22:19] [INFO]   Final unique channels: 807
[2025-11-01 12:22:19] [INFO]   Total events after deduplication: 42644
[2025-11-01 12:22:20] [INFO] Writing 42644 valid events to XML
[2025-11-01 12:22:20] [INFO]   New episodes: 4103
[2025-11-01 12:22:20] [INFO]   Reruns: 38541
[2025-11-01 12:22:21] [INFO] EPG successfully written to docs/EPG.xml
[2025-11-02 01:03:14] [INFO] Starting EPG fetch for 4 lineup(s)
[2025-11-02 01:03:14] [INFO]   Timespan: 48 hours
[2025-11-02 01:03:14] [INFO]   Parallel: True (workers: 5)
[2025-11-02 01:03:23] [INFO]   [USA-VA70448-X] 70 channels, 5407 events
[2025-11-02 01:03:23] [INFO]   [USA-KY16437-X] 185 channels, 9241 events
[2025-11-02 01:03:25] [INFO]   [USA-NJ29458-L] 491 channels, 25044 events
[2025-11-02 01:03:26] [INFO]   [USA-NJ67209-X] 605 channels, 30355 events
[2025-11-02 01:03:26] [INFO] Fetch complete: 4 succeeded, 0 failed
[2025-11-02 01:03:26] [INFO]   Raw channels collected: 1351
[2025-11-02 01:03:26] [INFO] Merging duplicate channels across lineups...
[2025-11-02 01:03:26] [INFO]   Final unique channels: 807
[2025-11-02 01:03:26] [INFO]   Total events after deduplication: 43049
[2025-11-02 01:03:27] [INFO] Writing 43049 valid events to XML
[2025-11-02 01:03:27] [INFO]   New episodes: 4396
[2025-11-02 01:03:27] [INFO]   Reruns: 38653
[2025-11-02 01:03:28] [INFO] EPG successfully written to docs/EPG.xml
[2025-11-02 12:21:46] [INFO] Starting EPG fetch for 4 lineup(s)
[2025-11-02 12:21:46] [INFO]   Timespan: 48 hours
[2025-11-02 12:21:46] [INFO]   Parallel: True (workers: 5)
[2025-11-02 12:21:58] [INFO]   [USA-KY16437-X] 185 channels, 9420 events
[2025-11-02 12:21:58] [INFO]   [USA-VA70448-X] 70 channels, 5373 events
[2025-11-02 12:21:59] [INFO]   [USA-NJ67209-X] 605 channels, 30933 events
[2025-11-02 12:22:00] [INFO]   [USA-NJ29458-L] 491 channels, 25544 events
[2025-11-02 12:22:00] [INFO] Fetch complete: 4 succeeded, 0 failed
[2025-11-02 12:22:00] [INFO]   Raw channels collected: 1351
[2025-11-02 12:22:00] [INFO] Merging duplicate channels across lineups...
[2025-11-02 12:22:00] [INFO]   Final unique channels: 807
[2025-11-02 12:22:00] [INFO]   Total events after deduplication: 43704
[2025-11-02 12:22:01] [INFO] Writing 43704 valid events to XML
[2025-11-02 12:22:01] [INFO]   New episodes: 4689
[2025-11-02 12:22:01] [INFO]   Reruns: 39015
[2025-11-02 12:22:02] [INFO] EPG successfully written to docs/EPG.xml
[2025-11-03 01:02:28] [INFO] Starting EPG fetch for 4 lineup(s)
[2025-11-03 01:02:28] [INFO]   Timespan: 48 hours
[2025-11-03 01:02:28] [INFO]   Parallel: True (workers: 5)
[2025-11-03 01:02:38] [INFO]   [USA-VA70448-X] 70 channels, 5272 events
[2025-11-03 01:02:38] [INFO]   [USA-KY16437-X] 185 channels, 9480 events
[2025-11-03 01:02:40] [INFO]   [USA-NJ29458-L] 491 channels, 25744 events
[2025-11-03 01:02:41] [INFO]   [USA-NJ67209-X] 605 channels, 31229 events
[2025-11-03 01:02:41] [INFO] Fetch complete: 4 succeeded, 0 failed
[2025-11-03 01:02:41] [INFO]   Raw channels collected: 1351
[2025-11-03 01:02:41] [INFO] Merging duplicate channels across lineups...
[2025-11-03 01:02:41] [INFO]   Final unique channels: 807
[2025-11-03 01:02:41] [INFO]   Total events after deduplication: 43883
[2025-11-03 01:02:43] [INFO] Writing 43883 valid events to XML
[2025-11-03 01:02:43] [INFO]   New episodes: 5055
[2025-11-03 01:02:43] [INFO]   Reruns: 38828
[2025-11-03 01:02:43] [INFO] EPG successfully written to docs/EPG.xml
[2025-11-03 12:26:32] [INFO] Starting EPG fetch for 4 lineup(s)
[2025-11-03 12:26:32] [INFO]   Timespan: 48 hours
[2025-11-03 12:26:32] [INFO]   Parallel: True (workers: 5)
[2025-11-03 12:26:43] [INFO]   [USA-KY16437-X] 185 channels, 9510 events
[2025-11-03 12:26:43] [INFO]   [USA-VA70448-X] 70 channels, 5252 events
[2025-11-03 12:26:43] [INFO]   [USA-NJ29458-L] 491 channels, 25852 events
[2025-11-03 12:26:44] [INFO]   [USA-NJ67209-X] 605 channels, 31336 events
[2025-11-03 12:26:44] [INFO] Fetch complete: 4 succeeded, 0 failed
[2025-11-03 12:26:44] [INFO]   Raw channels collected: 1351
[2025-11-03 12:26:44] [INFO] Merging duplicate channels across lineups...
[2025-11-03 12:26:44] [INFO]   Final unique channels: 807
[2025-11-03 12:26:44] [INFO]   Total events after deduplication: 43950
[2025-11-03 12:26:46] [INFO] Writing 43950 valid events to XML
[2025-11-03 12:26:46] [INFO]   New episodes: 5014
[2025-11-03 12:26:46] [INFO]   Reruns: 38936
[2025-11-03 12:26:46] [INFO] EPG successfully written to docs/EPG.xml
[2025-11-04 00:59:55] [INFO] Starting EPG fetch for 4 lineup(s)
[2025-11-04 00:59:55] [INFO]   Timespan: 48 hours
[2025-11-04 00:59:55] [INFO]   Parallel: True (workers: 5)
[2025-11-04 01:00:04] [INFO]   [USA-VA70448-X] 70 channels, 5163 events
[2025-11-04 01:00:04] [INFO]   [USA-KY16437-X] 185 channels, 9408 events
[2025-11-04 01:00:08] [INFO]   [USA-NJ29458-L] 491 channels, 25472 events
[2025-11-04 01:00:08] [INFO]   [USA-NJ67209-X] 605 channels, 30876 events
[2025-11-04 01:00:08] [INFO] Fetch complete: 4 succeeded, 0 failed
[2025-11-04 01:00:08] [INFO]   Raw channels collected: 1351
[2025-11-04 01:00:08] [INFO] Merging duplicate channels across lineups...
[2025-11-04 01:00:08] [INFO]   Final unique channels: 807
[2025-11-04 01:00:08] [INFO]   Total events after deduplication: 43228
[2025-11-04 01:00:09] [INFO] Writing 43228 valid events to XML
[2025-11-04 01:00:09] [INFO]   New episodes: 4909
[2025-11-04 01:00:09] [INFO]   Reruns: 38319
[2025-11-04 01:00:10] [INFO] EPG successfully written to docs/EPG.xml
[2025-11-04 12:27:48] [INFO] Starting EPG fetch for 4 lineup(s)
[2025-11-04 12:27:48] [INFO]   Timespan: 48 hours
[2025-11-04 12:27:48] [INFO]   Parallel: True (workers: 5)
[2025-11-04 12:27:58] [INFO]   [USA-KY16437-X] 185 channels, 9590 events
[2025-11-04 12:27:59] [INFO]   [USA-VA70448-X] 70 channels, 5245 events
[2025-11-04 12:28:00] [INFO]   [USA-NJ29458-L] 491 channels, 25994 events
[2025-11-04 12:28:01] [INFO]   [USA-NJ67209-X] 605 channels, 31527 events
[2025-11-04 12:28:01] [INFO] Fetch complete: 4 succeeded, 0 failed
[2025-11-04 12:28:01] [INFO]   Raw channels collected: 1351
[2025-11-04 12:28:01] [INFO] Merging duplicate channels across lineups...
[2025-11-04 12:28:01] [INFO]   Final unique channels: 807
[2025-11-04 12:28:01] [INFO]   Total events after deduplication: 44110
[2025-11-04 12:28:02] [INFO] Writing 44110 valid events to XML
[2025-11-04 12:28:02] [INFO]   New episodes: 5007
[2025-11-04 12:28:02] [INFO]   Reruns: 39103
[2025-11-04 12:28:03] [INFO] EPG successfully written to docs/EPG.xml
[2025-11-05 01:01:30] [INFO] Starting EPG fetch for 4 lineup(s)
[2025-11-05 01:01:30] [INFO]   Timespan: 48 hours
[2025-11-05 01:01:30] [INFO]   Parallel: True (workers: 5)
[2025-11-05 01:01:39] [INFO]   [USA-VA70448-X] 70 channels, 5259 events
[2025-11-05 01:01:39] [INFO]   [USA-KY16437-X] 185 channels, 9638 events
[2025-11-05 01:01:41] [INFO]   [USA-NJ29458-L] 491 channels, 25995 events
[2025-11-05 01:01:43] [INFO]   [USA-NJ67209-X] 605 channels, 31566 events
[2025-11-05 01:01:43] [INFO] Fetch complete: 4 succeeded, 0 failed
[2025-11-05 01:01:43] [INFO]   Raw channels collected: 1351
[2025-11-05 01:01:43] [INFO] Merging duplicate channels across lineups...
[2025-11-05 01:01:43] [INFO]   Final unique channels: 807
[2025-11-05 01:01:43] [INFO]   Total events after deduplication: 44148
[2025-11-05 01:01:45] [INFO] Writing 44148 valid events to XML
[2025-11-05 01:01:45] [INFO]   New episodes: 5049
[2025-11-05 01:01:45] [INFO]   Reruns: 39099
[2025-11-05 01:01:45] [INFO] EPG successfully written to docs/EPG.xml
[2025-11-05 12:26:10] [INFO] Starting EPG fetch for 4 lineup(s)
[2025-11-05 12:26:10] [INFO]   Timespan: 48 hours
[2025-11-05 12:26:10] [INFO]   Parallel: True (workers: 5)
[2025-11-05 12:26:20] [INFO]   [USA-KY16437-X] 185 channels, 9639 events
[2025-11-05 12:26:21] [INFO]   [USA-VA70448-X] 70 channels, 5270 events
[2025-11-05 12:26:22] [INFO]   [USA-NJ29458-L] 491 channels, 25989 events
[2025-11-05 12:26:23] [INFO]   [USA-NJ67209-X] 605 channels, 31549 events
[2025-11-05 12:26:23] [INFO] Fetch complete: 4 succeeded, 0 failed
[2025-11-05 12:26:23] [INFO]   Raw channels collected: 1351
[2025-11-05 12:26:23] [INFO] Merging duplicate channels across lineups...
[2025-11-05 12:26:23] [INFO]   Final unique channels: 807
[2025-11-05 12:26:23] [INFO]   Total events after deduplication: 44158
[2025-11-05 12:26:24] [INFO] Writing 44158 valid events to XML
[2025-11-05 12:26:24] [INFO]   New episodes: 4970
[2025-11-05 12:26:24] [INFO]   Reruns: 39188
[2025-11-05 12:26:25] [INFO] EPG successfully written to docs/EPG.xml
[2025-11-06 01:00:16] [INFO] Starting EPG fetch for 4 lineup(s)
[2025-11-06 01:00:16] [INFO]   Timespan: 48 hours
[2025-11-06 01:00:16] [INFO]   Parallel: True (workers: 5)
[2025-11-06 01:00:24] [INFO]   [USA-VA70448-X] 70 channels, 5215 events
[2025-11-06 01:00:25] [INFO]   [USA-KY16437-X] 185 channels, 9371 events
[2025-11-06 01:00:27] [INFO]   [USA-NJ29458-L] 491 channels, 25483 events
[2025-11-06 01:00:28] [INFO]   [USA-NJ67209-X] 605 channels, 30989 events
[2025-11-06 01:00:28] [INFO] Fetch complete: 4 succeeded, 0 failed
[2025-11-06 01:00:28] [INFO]   Raw channels collected: 1351
[2025-11-06 01:00:28] [INFO] Merging duplicate channels across lineups...
[2025-11-06 01:00:28] [INFO]   Final unique channels: 807
[2025-11-06 01:00:28] [INFO]   Total events after deduplication: 43424
[2025-11-06 01:00:29] [INFO] Writing 43424 valid events to XML
[2025-11-06 01:00:29] [INFO]   New episodes: 4933
[2025-11-06 01:00:29] [INFO]   Reruns: 38491
[2025-11-06 01:00:30] [INFO] EPG successfully written to docs/EPG.xml
[2025-11-06 12:25:53] [INFO] Starting EPG fetch for 4 lineup(s)
[2025-11-06 12:25:53] [INFO]   Timespan: 48 hours
[2025-11-06 12:25:53] [INFO]   Parallel: True (workers: 5)
[2025-11-06 12:26:03] [INFO]   [USA-KY16437-X] 185 channels, 9447 events
[2025-11-06 12:26:04] [INFO]   [USA-VA70448-X] 70 channels, 5267 events
[2025-11-06 12:26:04] [INFO]   [USA-NJ29458-L] 491 channels, 25767 events
[2025-11-06 12:26:06] [INFO]   [USA-NJ67209-X] 605 channels, 31238 events
[2025-11-06 12:26:06] [INFO] Fetch complete: 4 succeeded, 0 failed
[2025-11-06 12:26:06] [INFO]   Raw channels collected: 1351
[2025-11-06 12:26:06] [INFO] Merging duplicate channels across lineups...
[2025-11-06 12:26:06] [INFO]   Final unique channels: 807
[2025-11-06 12:26:06] [INFO]   Total events after deduplication: 43815
[2025-11-06 12:26:07] [INFO] Writing 43815 valid events to XML
[2025-11-06 12:26:07] [INFO]   New episodes: 4840
[2025-11-06 12:26:07] [INFO]   Reruns: 38975
[2025-11-06 12:26:08] [INFO] EPG successfully written to docs/EPG.xml
[2025-11-07 00:59:59] [INFO] Starting EPG fetch for 4 lineup(s)
[2025-11-07 00:59:59] [INFO]   Timespan: 48 hours
[2025-11-07 00:59:59] [INFO]   Parallel: True (workers: 5)
[2025-11-07 01:00:08] [INFO]   [USA-VA70448-X] 70 channels, 5251 events
[2025-11-07 01:00:08] [INFO]   [USA-KY16437-X] 185 channels, 9182 events
[2025-11-07 01:00:10] [INFO]   [USA-NJ29458-L] 491 channels, 25279 events
[2025-11-07 01:00:11] [INFO]   [USA-NJ67209-X] 605 channels, 30630 events
[2025-11-07 01:00:11] [INFO] Fetch complete: 4 succeeded, 0 failed
[2025-11-07 01:00:11] [INFO]   Raw channels collected: 1351
[2025-11-07 01:00:11] [INFO] Merging duplicate channels across lineups...
[2025-11-07 01:00:11] [INFO]   Final unique channels: 807
[2025-11-07 01:00:11] [INFO]   Total events after deduplication: 43061
[2025-11-07 01:00:12] [INFO] Writing 43061 valid events to XML
[2025-11-07 01:00:12] [INFO]   New episodes: 4575
[2025-11-07 01:00:12] [INFO]   Reruns: 38486
[2025-11-07 01:00:13] [INFO] EPG successfully written to docs/EPG.xml
[2025-11-07 12:25:07] [INFO] Starting EPG fetch for 4 lineup(s)
[2025-11-07 12:25:07] [INFO]   Timespan: 48 hours
[2025-11-07 12:25:07] [INFO]   Parallel: True (workers: 5)
[2025-11-07 12:25:17] [INFO]   [USA-VA70448-X] 70 channels, 5334 events
[2025-11-07 12:25:17] [INFO]   [USA-KY16437-X] 185 channels, 9114 events
[2025-11-07 12:25:19] [INFO]   [USA-NJ29458-L] 491 channels, 25275 events
[2025-11-07 12:25:19] [INFO]   [USA-NJ67209-X] 605 channels, 30724 events
[2025-11-07 12:25:19] [INFO] Fetch complete: 4 succeeded, 0 failed
[2025-11-07 12:25:19] [INFO]   Raw channels collected: 1351
[2025-11-07 12:25:19] [INFO] Merging duplicate channels across lineups...
[2025-11-07 12:25:19] [INFO]   Final unique channels: 807
[2025-11-07 12:25:19] [INFO]   Total events after deduplication: 43285
[2025-11-07 12:25:20] [INFO] Writing 43285 valid events to XML
[2025-11-07 12:25:20] [INFO]   New episodes: 4451
[2025-11-07 12:25:20] [INFO]   Reruns: 38834
[2025-11-07 12:25:21] [INFO] EPG successfully written to docs/EPG.xml
[2025-11-08 00:56:59] [INFO] Starting EPG fetch for 4 lineup(s)
[2025-11-08 00:56:59] [INFO]   Timespan: 48 hours
[2025-11-08 00:56:59] [INFO]   Parallel: True (workers: 5)
[2025-11-08 00:57:09] [INFO]   [USA-VA70448-X] 70 channels, 5424 events
[2025-11-08 00:57:09] [INFO]   [USA-KY16437-X] 185 channels, 9140 events
[2025-11-08 00:57:11] [INFO]   [USA-NJ29458-L] 491 channels, 25264 events
[2025-11-08 00:57:12] [INFO]   [USA-NJ67209-X] 605 channels, 30640 events
[2025-11-08 00:57:12] [INFO] Fetch complete: 4 succeeded, 0 failed
[2025-11-08 00:57:12] [INFO]   Raw channels collected: 1351
[2025-11-08 00:57:12] [INFO] Merging duplicate channels across lineups...
[2025-11-08 00:57:12] [INFO]   Final unique channels: 807
[2025-11-08 00:57:12] [INFO]   Total events after deduplication: 43319
[2025-11-08 00:57:13] [INFO] Writing 43319 valid events to XML
[2025-11-08 00:57:13] [INFO]   New episodes: 4192
[2025-11-08 00:57:13] [INFO]   Reruns: 39127
[2025-11-08 00:57:14] [INFO] EPG successfully written to docs/EPG.xml
[2025-11-08 12:21:53] [INFO] Starting EPG fetch for 4 lineup(s)
[2025-11-08 12:21:53] [INFO]   Timespan: 48 hours
[2025-11-08 12:21:53] [INFO]   Parallel: True (workers: 5)
[2025-11-08 12:22:06] [INFO]   [USA-VA70448-X] 70 channels, 5432 events
[2025-11-08 12:22:07] [INFO]   [USA-KY16437-X] 185 channels, 9108 events
[2025-11-08 12:22:10] [INFO]   [USA-NJ29458-L] 491 channels, 25076 events
[2025-11-08 12:22:12] [INFO]   [USA-NJ67209-X] 605 channels, 30457 events
[2025-11-08 12:22:12] [INFO] Fetch complete: 4 succeeded, 0 failed
[2025-11-08 12:22:12] [INFO]   Raw channels collected: 1351
[2025-11-08 12:22:12] [INFO] Merging duplicate channels across lineups...
[2025-11-08 12:22:12] [INFO]   Final unique channels: 807
[2025-11-08 12:22:12] [INFO]   Total events after deduplication: 43098
[2025-11-08 12:22:13] [INFO] Writing 43098 valid events to XML
[2025-11-08 12:22:13] [INFO]   New episodes: 4162
[2025-11-08 12:22:13] [INFO]   Reruns: 38936
[2025-11-08 12:22:14] [INFO] EPG successfully written to docs/EPG.xml
[2025-11-09 01:03:01] [INFO] Starting EPG fetch for 4 lineup(s)
[2025-11-09 01:03:01] [INFO]   Timespan: 48 hours
[2025-11-09 01:03:01] [INFO]   Parallel: True (workers: 5)
[2025-11-09 01:03:13] [INFO]   [USA-KY16437-X] 185 channels, 9221 events
[2025-11-09 01:03:14] [INFO]   [USA-VA70448-X] 70 channels, 5312 events
[2025-11-09 01:03:18] [INFO]   [USA-NJ67209-X] 605 channels, 30496 events
[2025-11-09 01:03:18] [INFO]   [USA-NJ29458-L] 491 channels, 25112 events
[2025-11-09 01:03:18] [INFO] Fetch complete: 4 succeeded, 0 failed
[2025-11-09 01:03:18] [INFO]   Raw channels collected: 1351
[2025-11-09 01:03:18] [INFO] Merging duplicate channels across lineups...
[2025-11-09 01:03:18] [INFO]   Final unique channels: 807
[2025-11-09 01:03:18] [INFO]   Total events after deduplication: 43056
[2025-11-09 01:03:19] [INFO] Writing 43056 valid events to XML
[2025-11-09 01:03:19] [INFO]   New episodes: 4412
[2025-11-09 01:03:19] [INFO]   Reruns: 38644
[2025-11-09 01:03:20] [INFO] EPG successfully written to docs/EPG.xml
[2025-11-09 12:22:10] [INFO] Starting EPG fetch for 4 lineup(s)
[2025-11-09 12:22:10] [INFO]   Timespan: 48 hours
[2025-11-09 12:22:10] [INFO]   Parallel: True (workers: 5)
[2025-11-09 12:22:20] [INFO]   [USA-VA70448-X] 70 channels, 5304 events
[2025-11-09 12:22:21] [INFO]   [USA-KY16437-X] 185 channels, 9376 events
[2025-11-09 12:22:26] [INFO]   [USA-NJ29458-L] 491 channels, 25420 events
[2025-11-09 12:22:28] [INFO]   [USA-NJ67209-X] 605 channels, 30795 events
[2025-11-09 12:22:28] [INFO] Fetch complete: 4 succeeded, 0 failed
[2025-11-09 12:22:28] [INFO]   Raw channels collected: 1351
[2025-11-09 12:22:28] [INFO] Merging duplicate channels across lineups...
[2025-11-09 12:22:28] [INFO]   Final unique channels: 807
[2025-11-09 12:22:28] [INFO]   Total events after deduplication: 43376
[2025-11-09 12:22:29] [INFO] Writing 43376 valid events to XML
[2025-11-09 12:22:29] [INFO]   New episodes: 4595
[2025-11-09 12:22:29] [INFO]   Reruns: 38781
[2025-11-09 12:22:30] [INFO] EPG successfully written to docs/EPG.xml
[2025-11-10 01:03:07] [INFO] Starting EPG fetch for 4 lineup(s)
[2025-11-10 01:03:07] [INFO]   Timespan: 48 hours
[2025-11-10 01:03:07] [INFO]   Parallel: True (workers: 5)
[2025-11-10 01:03:18] [INFO]   [USA-VA70448-X] 70 channels, 5230 events
[2025-11-10 01:03:21] [INFO]   [USA-KY16437-X] 185 channels, 9451 events
[2025-11-10 01:03:23] [INFO]   [USA-NJ29458-L] 491 channels, 25525 events
[2025-11-10 01:03:24] [INFO]   [USA-NJ67209-X] 605 channels, 31005 events
[2025-11-10 01:03:24] [INFO] Fetch complete: 4 succeeded, 0 failed
[2025-11-10 01:03:24] [INFO]   Raw channels collected: 1351
[2025-11-10 01:03:24] [INFO] Merging duplicate channels across lineups...
[2025-11-10 01:03:24] [INFO]   Final unique channels: 807
[2025-11-10 01:03:24] [INFO]   Total events after deduplication: 43487
[2025-11-10 01:03:25] [INFO] Writing 43487 valid events to XML
[2025-11-10 01:03:25] [INFO]   New episodes: 4963
[2025-11-10 01:03:25] [INFO]   Reruns: 38524
[2025-11-10 01:03:26] [INFO] EPG successfully written to docs/EPG.xml
[2025-11-10 12:26:11] [INFO] Starting EPG fetch for 4 lineup(s)
[2025-11-10 12:26:11] [INFO]   Timespan: 48 hours
[2025-11-10 12:26:11] [INFO]   Parallel: True (workers: 5)
[2025-11-10 12:26:22] [INFO]   [USA-VA70448-X] 70 channels, 5209 events
[2025-11-10 12:26:23] [INFO]   [USA-KY16437-X] 185 channels, 9557 events
[2025-11-10 12:26:28] [INFO]   [USA-NJ29458-L] 491 channels, 25698 events
[2025-11-10 12:26:30] [INFO]   [USA-NJ67209-X] 605 channels, 31232 events
[2025-11-10 12:26:30] [INFO] Fetch complete: 4 succeeded, 0 failed
[2025-11-10 12:26:30] [INFO]   Raw channels collected: 1351
[2025-11-10 12:26:30] [INFO] Merging duplicate channels across lineups...
[2025-11-10 12:26:30] [INFO]   Final unique channels: 807
[2025-11-10 12:26:30] [INFO]   Total events after deduplication: 43704
[2025-11-10 12:26:32] [INFO] Writing 43704 valid events to XML
[2025-11-10 12:26:32] [INFO]   New episodes: 5005
[2025-11-10 12:26:32] [INFO]   Reruns: 38699
[2025-11-10 12:26:32] [INFO] EPG successfully written to docs/EPG.xml
[2025-11-11 01:01:14] [INFO] Starting EPG fetch for 4 lineup(s)
[2025-11-11 01:01:14] [INFO]   Timespan: 48 hours
[2025-11-11 01:01:14] [INFO]   Parallel: True (workers: 5)
[2025-11-11 01:01:24] [INFO]   [USA-VA70448-X] 70 channels, 5245 events
[2025-11-11 01:01:26] [INFO]   [USA-KY16437-X] 185 channels, 9637 events
[2025-11-11 01:01:28] [INFO]   [USA-NJ29458-L] 491 channels, 25873 events
[2025-11-11 01:01:30] [INFO]   [USA-NJ67209-X] 605 channels, 31379 events
[2025-11-11 01:01:30] [INFO] Fetch complete: 4 succeeded, 0 failed
[2025-11-11 01:01:30] [INFO]   Raw channels collected: 1351
[2025-11-11 01:01:30] [INFO] Merging duplicate channels across lineups...
[2025-11-11 01:01:31] [INFO]   Final unique channels: 807
[2025-11-11 01:01:31] [INFO]   Total events after deduplication: 43910
[2025-11-11 01:01:32] [INFO] Writing 43910 valid events to XML
[2025-11-11 01:01:32] [INFO]   New episodes: 5032
[2025-11-11 01:01:32] [INFO]   Reruns: 38878
[2025-11-11 01:01:32] [INFO] EPG successfully written to docs/EPG.xml
[2025-11-11 12:25:54] [INFO] Starting EPG fetch for 4 lineup(s)
[2025-11-11 12:25:54] [INFO]   Timespan: 48 hours
[2025-11-11 12:25:54] [INFO]   Parallel: True (workers: 5)
[2025-11-11 12:26:05] [INFO]   [USA-VA70448-X] 70 channels, 5239 events
[2025-11-11 12:26:05] [INFO]   [USA-KY16437-X] 185 channels, 9658 events
[2025-11-11 12:26:09] [INFO]   [USA-NJ29458-L] 491 channels, 25881 events
[2025-11-11 12:26:12] [INFO]   [USA-NJ67209-X] 605 channels, 31415 events
[2025-11-11 12:26:12] [INFO] Fetch complete: 4 succeeded, 0 failed
[2025-11-11 12:26:12] [INFO]   Raw channels collected: 1351
[2025-11-11 12:26:12] [INFO] Merging duplicate channels across lineups...
[2025-11-11 12:26:12] [INFO]   Final unique channels: 807
[2025-11-11 12:26:12] [INFO]   Total events after deduplication: 43934
[2025-11-11 12:26:13] [INFO] Writing 43934 valid events to XML
[2025-11-11 12:26:13] [INFO]   New episodes: 4986
[2025-11-11 12:26:13] [INFO]   Reruns: 38948
[2025-11-11 12:26:14] [INFO] EPG successfully written to docs/EPG.xml
[2025-11-12 01:00:57] [INFO] Starting EPG fetch for 4 lineup(s)
[2025-11-12 01:00:57] [INFO]   Timespan: 48 hours
[2025-11-12 01:00:57] [INFO]   Parallel: True (workers: 5)
[2025-11-12 01:01:09] [INFO]   [USA-KY16437-X] 185 channels, 9497 events
[2025-11-12 01:01:10] [INFO]   [USA-NJ67209-X] 605 channels, 30963 events
[2025-11-12 01:01:11] [INFO]   [USA-NJ29458-L] 491 channels, 25491 events
[2025-11-12 01:01:11] [INFO]   [USA-VA70448-X] 70 channels, 5192 events
[2025-11-12 01:01:11] [INFO] Fetch complete: 4 succeeded, 0 failed
[2025-11-12 01:01:11] [INFO]   Raw channels collected: 1351
[2025-11-12 01:01:11] [INFO] Merging duplicate channels across lineups...
[2025-11-12 01:01:11] [INFO]   Final unique channels: 807
[2025-11-12 01:01:11] [INFO]   Total events after deduplication: 43353
[2025-11-12 01:01:12] [INFO] Writing 43353 valid events to XML
[2025-11-12 01:01:12] [INFO]   New episodes: 4908
[2025-11-12 01:01:12] [INFO]   Reruns: 38445
[2025-11-12 01:01:13] [INFO] EPG successfully written to docs/EPG.xml
[2025-11-12 12:26:35] [INFO] Starting EPG fetch for 4 lineup(s)
[2025-11-12 12:26:35] [INFO]   Timespan: 48 hours
[2025-11-12 12:26:35] [INFO]   Parallel: True (workers: 5)
[2025-11-12 12:26:47] [INFO]   [USA-VA70448-X] 70 channels, 5252 events
[2025-11-12 12:26:48] [INFO]   [USA-KY16437-X] 185 channels, 9546 events
[2025-11-12 12:26:54] [INFO]   [USA-NJ29458-L] 491 channels, 25696 events
[2025-11-12 12:26:56] [INFO]   [USA-NJ67209-X] 605 channels, 31198 events
[2025-11-12 12:26:56] [INFO] Fetch complete: 4 succeeded, 0 failed
[2025-11-12 12:26:56] [INFO]   Raw channels collected: 1351
[2025-11-12 12:26:56] [INFO] Merging duplicate channels across lineups...
[2025-11-12 12:26:56] [INFO]   Final unique channels: 808
[2025-11-12 12:26:56] [INFO]   Total events after deduplication: 43843
[2025-11-12 12:26:57] [INFO] Writing 43843 valid events to XML
[2025-11-12 12:26:57] [INFO]   New episodes: 4945
[2025-11-12 12:26:57] [INFO]   Reruns: 38898
[2025-11-12 12:26:58] [INFO] EPG successfully written to docs/EPG.xml
[2025-11-13 01:01:02] [INFO] Starting EPG fetch for 4 lineup(s)
[2025-11-13 01:01:02] [INFO]   Timespan: 48 hours
[2025-11-13 01:01:02] [INFO]   Parallel: True (workers: 5)
[2025-11-13 01:01:14] [INFO]   [USA-VA70448-X] 70 channels, 5237 events
[2025-11-13 01:01:15] [INFO]   [USA-KY16437-X] 185 channels, 9446 events
[2025-11-13 01:01:19] [INFO]   [USA-NJ29458-L] 491 channels, 25530 events
[2025-11-13 01:01:26] [INFO]   [USA-NJ67209-X] 605 channels, 31041 events
[2025-11-13 01:01:26] [INFO] Fetch complete: 4 succeeded, 0 failed
[2025-11-13 01:01:26] [INFO]   Raw channels collected: 1351
[2025-11-13 01:01:26] [INFO] Merging duplicate channels across lineups...
[2025-11-13 01:01:26] [INFO]   Final unique channels: 808
[2025-11-13 01:01:26] [INFO]   Total events after deduplication: 43640
[2025-11-13 01:01:27] [INFO] Writing 43640 valid events to XML
[2025-11-13 01:01:27] [INFO]   New episodes: 4956
[2025-11-13 01:01:27] [INFO]   Reruns: 38684
[2025-11-13 01:01:28] [INFO] EPG successfully written to docs/EPG.xml
[2025-11-13 12:26:50] [INFO] Starting EPG fetch for 4 lineup(s)
[2025-11-13 12:26:50] [INFO]   Timespan: 48 hours
[2025-11-13 12:26:50] [INFO]   Parallel: True (workers: 5)
[2025-11-13 12:27:02] [INFO]   [USA-VA70448-X] 70 channels, 5259 events
[2025-11-13 12:27:02] [INFO]   [USA-KY16437-X] 185 channels, 9452 events
[2025-11-13 12:27:04] [INFO]   [USA-NJ29458-L] 491 channels, 25601 events
[2025-11-13 12:27:05] [INFO]   [USA-NJ67209-X] 605 channels, 31031 events
[2025-11-13 12:27:05] [INFO] Fetch complete: 4 succeeded, 0 failed
[2025-11-13 12:27:05] [INFO]   Raw channels collected: 1351
[2025-11-13 12:27:05] [INFO] Merging duplicate channels across lineups...
[2025-11-13 12:27:05] [INFO]   Final unique channels: 808
[2025-11-13 12:27:05] [INFO]   Total events after deduplication: 43701
[2025-11-13 12:27:06] [INFO] Writing 43701 valid events to XML
[2025-11-13 12:27:06] [INFO]   New episodes: 4786
[2025-11-13 12:27:06] [INFO]   Reruns: 38915
[2025-11-13 12:27:06] [INFO] EPG successfully written to docs/EPG.xml
[2025-11-14 01:00:38] [INFO] Starting EPG fetch for 4 lineup(s)
[2025-11-14 01:00:38] [INFO]   Timespan: 48 hours
[2025-11-14 01:00:38] [INFO]   Parallel: True (workers: 5)
[2025-11-14 01:00:50] [INFO]   [USA-VA70448-X] 70 channels, 5346 events
[2025-11-14 01:00:53] [INFO]   [USA-KY16437-X] 185 channels, 9246 events
[2025-11-14 01:00:55] [INFO]   [USA-NJ67209-X] 605 channels, 30590 events
[2025-11-14 01:01:02] [INFO]   [USA-NJ29458-L] 491 channels, 25514 events
[2025-11-14 01:01:02] [INFO] Fetch complete: 4 succeeded, 0 failed
[2025-11-14 01:01:02] [INFO]   Raw channels collected: 1351
[2025-11-14 01:01:02] [INFO] Merging duplicate channels across lineups...
[2025-11-14 01:01:02] [INFO]   Final unique channels: 807
[2025-11-14 01:01:02] [INFO]   Total events after deduplication: 43417
[2025-11-14 01:01:03] [INFO] Writing 43417 valid events to XML
[2025-11-14 01:01:03] [INFO]   New episodes: 4671
[2025-11-14 01:01:03] [INFO]   Reruns: 38746
[2025-11-14 01:01:04] [INFO] EPG successfully written to docs/EPG.xml
[2025-11-14 12:26:10] [INFO] Starting EPG fetch for 4 lineup(s)
[2025-11-14 12:26:10] [INFO]   Timespan: 48 hours
[2025-11-14 12:26:10] [INFO]   Parallel: True (workers: 5)
[2025-11-14 12:26:21] [INFO]   [USA-KY16437-X] 185 channels, 9240 events
[2025-11-14 12:26:21] [INFO]   [USA-VA70448-X] 70 channels, 5376 events
[2025-11-14 12:26:26] [INFO]   [USA-NJ67209-X] 605 channels, 30674 events
[2025-11-14 12:26:29] [INFO]   [USA-NJ29458-L] 491 channels, 25275 events
[2025-11-14 12:26:29] [INFO] Fetch complete: 4 succeeded, 0 failed
[2025-11-14 12:26:29] [INFO]   Raw channels collected: 1351
[2025-11-14 12:26:29] [INFO] Merging duplicate channels across lineups...
[2025-11-14 12:26:29] [INFO]   Final unique channels: 807
[2025-11-14 12:26:29] [INFO]   Total events after deduplication: 43270
[2025-11-14 12:26:30] [INFO] Writing 43270 valid events to XML
[2025-11-14 12:26:30] [INFO]   New episodes: 4414
[2025-11-14 12:26:30] [INFO]   Reruns: 38856
[2025-11-14 12:26:31] [INFO] EPG successfully written to docs/EPG.xml
[2025-11-15 00:59:11] [INFO] Starting EPG fetch for 4 lineup(s)
[2025-11-15 00:59:11] [INFO]   Timespan: 48 hours
[2025-11-15 00:59:11] [INFO]   Parallel: True (workers: 5)
[2025-11-15 00:59:22] [INFO]   [USA-KY16437-X] 185 channels, 9214 events
[2025-11-15 00:59:23] [INFO]   [USA-VA70448-X] 70 channels, 5413 events
[2025-11-15 00:59:27] [INFO]   [USA-NJ29458-L] 491 channels, 24787 events
[2025-11-15 00:59:31] [INFO]   [USA-NJ67209-X] 605 channels, 30562 events
[2025-11-15 00:59:31] [INFO] Fetch complete: 4 succeeded, 0 failed
[2025-11-15 00:59:31] [INFO]   Raw channels collected: 1351
[2025-11-15 00:59:31] [INFO] Merging duplicate channels across lineups...
[2025-11-15 00:59:31] [INFO]   Final unique channels: 807
[2025-11-15 00:59:31] [INFO]   Total events after deduplication: 43105
[2025-11-15 00:59:32] [INFO] Writing 43105 valid events to XML
[2025-11-15 00:59:32] [INFO]   New episodes: 4179
[2025-11-15 00:59:32] [INFO]   Reruns: 38926
[2025-11-15 00:59:33] [INFO] EPG successfully written to docs/EPG.xml
[2025-11-15 12:22:21] [INFO] Starting EPG fetch for 4 lineup(s)
[2025-11-15 12:22:21] [INFO]   Timespan: 48 hours
[2025-11-15 12:22:21] [INFO]   Parallel: True (workers: 5)
[2025-11-15 12:22:32] [INFO]   [USA-VA70448-X] 70 channels, 5466 events
[2025-11-15 12:22:34] [INFO]   [USA-KY16437-X] 185 channels, 9114 events
[2025-11-15 12:22:37] [INFO]   [USA-NJ29458-L] 491 channels, 24953 events
[2025-11-15 12:22:38] [INFO]   [USA-NJ67209-X] 605 channels, 30326 events
[2025-11-15 12:22:38] [INFO] Fetch complete: 4 succeeded, 0 failed
[2025-11-15 12:22:38] [INFO]   Raw channels collected: 1351
[2025-11-15 12:22:38] [INFO] Merging duplicate channels across lineups...
[2025-11-15 12:22:38] [INFO]   Final unique channels: 807
[2025-11-15 12:22:38] [INFO]   Total events after deduplication: 42962
[2025-11-15 12:22:39] [INFO] Writing 42962 valid events to XML
[2025-11-15 12:22:39] [INFO]   New episodes: 4064
[2025-11-15 12:22:39] [INFO]   Reruns: 38898
[2025-11-15 12:22:40] [INFO] EPG successfully written to docs/EPG.xml
[2025-11-16 01:04:42] [INFO] Starting EPG fetch for 4 lineup(s)
[2025-11-16 01:04:42] [INFO]   Timespan: 48 hours
[2025-11-16 01:04:42] [INFO]   Parallel: True (workers: 5)
[2025-11-16 01:04:52] [INFO]   [USA-VA70448-X] 70 channels, 5290 events
[2025-11-16 01:04:55] [INFO]   [USA-KY16437-X] 185 channels, 9206 events
[2025-11-16 01:04:57] [INFO]   [USA-NJ29458-L] 491 channels, 25058 events
[2025-11-16 01:05:06] [INFO]   [USA-NJ67209-X] 605 channels, 30428 events
[2025-11-16 01:05:06] [INFO] Fetch complete: 4 succeeded, 0 failed
[2025-11-16 01:05:06] [INFO]   Raw channels collected: 1351
[2025-11-16 01:05:06] [INFO] Merging duplicate channels across lineups...
[2025-11-16 01:05:06] [INFO]   Final unique channels: 807
[2025-11-16 01:05:06] [INFO]   Total events after deduplication: 42959
[2025-11-16 01:05:07] [INFO] Writing 42959 valid events to XML
[2025-11-16 01:05:07] [INFO]   New episodes: 4247
[2025-11-16 01:05:07] [INFO]   Reruns: 38712
[2025-11-16 01:05:08] [INFO] EPG successfully written to docs/EPG.xml
[2025-11-16 12:21:49] [INFO] Starting EPG fetch for 4 lineup(s)
[2025-11-16 12:21:49] [INFO]   Timespan: 48 hours
[2025-11-16 12:21:49] [INFO]   Parallel: True (workers: 5)
[2025-11-16 12:22:01] [INFO]   [USA-VA70448-X] 66 channels, 3962 events
[2025-11-16 12:22:02] [INFO]   [USA-KY16437-X] 185 channels, 9346 events
[2025-11-16 12:22:06] [INFO]   [USA-NJ29458-L] 476 channels, 24461 events
[2025-11-16 12:22:07] [INFO]   [USA-NJ67209-X] 572 channels, 28898 events
[2025-11-16 12:22:07] [INFO] Fetch complete: 4 succeeded, 0 failed
[2025-11-16 12:22:07] [INFO]   Raw channels collected: 1299
[2025-11-16 12:22:07] [INFO] Merging duplicate channels across lineups...
[2025-11-16 12:22:07] [INFO]   Final unique channels: 761
[2025-11-16 12:22:07] [INFO]   Total events after deduplication: 39541
[2025-11-16 12:22:08] [INFO] Writing 39541 valid events to XML
[2025-11-16 12:22:08] [INFO]   New episodes: 4228
[2025-11-16 12:22:08] [INFO]   Reruns: 35313
[2025-11-16 12:22:09] [INFO] EPG successfully written to docs/EPG.xml
[2025-11-17 01:01:51] [INFO] Starting EPG fetch for 4 lineup(s)
[2025-11-17 01:01:51] [INFO]   Timespan: 48 hours
[2025-11-17 01:01:51] [INFO]   Parallel: True (workers: 5)
[2025-11-17 01:02:01] [INFO]   [USA-VA70448-X] 66 channels, 3840 events
[2025-11-17 01:02:04] [INFO]   [USA-KY16437-X] 185 channels, 9430 events
[2025-11-17 01:02:09] [INFO]   [USA-NJ67209-X] 573 channels, 29141 events
[2025-11-17 01:02:09] [INFO]   [USA-NJ29458-L] 476 channels, 24666 events
[2025-11-17 01:02:09] [INFO] Fetch complete: 4 succeeded, 0 failed
[2025-11-17 01:02:09] [INFO]   Raw channels collected: 1300
[2025-11-17 01:02:09] [INFO] Merging duplicate channels across lineups...
[2025-11-17 01:02:09] [INFO]   Final unique channels: 871
[2025-11-17 01:02:09] [INFO]   Total events after deduplication: 46338
[2025-11-17 01:02:11] [INFO] Writing 46338 valid events to XML
[2025-11-17 01:02:11] [INFO]   New episodes: 5368
[2025-11-17 01:02:11] [INFO]   Reruns: 40970
[2025-11-17 01:02:11] [INFO] EPG successfully written to docs/EPG.xml
[2025-11-17 12:26:41] [INFO] Starting EPG fetch for 4 lineup(s)
[2025-11-17 12:26:41] [INFO]   Timespan: 48 hours
[2025-11-17 12:26:41] [INFO]   Parallel: True (workers: 5)
[2025-11-17 12:26:52] [INFO]   [USA-VA70448-X] 41 channels, 2349 events
[2025-11-17 12:26:53] [INFO]   [USA-KY16437-X] 171 channels, 8893 events
[2025-11-17 12:26:53] [INFO]   [USA-NJ67209-X] 316 channels, 16671 events
[2025-11-17 12:26:55] [INFO]   [USA-NJ29458-L] 286 channels, 15178 events
[2025-11-17 12:26:55] [INFO] Fetch complete: 4 succeeded, 0 failed
[2025-11-17 12:26:55] [INFO]   Raw channels collected: 814
[2025-11-17 12:26:55] [INFO] Merging duplicate channels across lineups...
[2025-11-17 12:26:55] [INFO]   Final unique channels: 431
[2025-11-17 12:26:55] [INFO]   Total events after deduplication: 22920
[2025-11-17 12:26:56] [INFO] Writing 22920 valid events to XML
[2025-11-17 12:26:56] [INFO]   New episodes: 3103
[2025-11-17 12:26:56] [INFO]   Reruns: 19817
[2025-11-17 12:26:57] [INFO] EPG successfully written to docs/EPG.xml
[2025-11-18 01:00:18] [INFO] Starting EPG fetch for 4 lineup(s)
[2025-11-18 01:00:18] [INFO]   Timespan: 48 hours
[2025-11-18 01:00:18] [INFO]   Parallel: True (workers: 5)
[2025-11-18 01:00:27] [INFO]   [USA-VA70448-X] 41 channels, 2349 events
[2025-11-18 01:00:27] [INFO]   [USA-KY16437-X] 171 channels, 8803 events
[2025-11-18 01:00:29] [INFO]   [USA-NJ29458-L] 286 channels, 15006 events
[2025-11-18 01:00:30] [INFO]   [USA-NJ67209-X] 316 channels, 16712 events
[2025-11-18 01:00:30] [INFO] Fetch complete: 4 succeeded, 0 failed
[2025-11-18 01:00:30] [INFO]   Raw channels collected: 814
[2025-11-18 01:00:30] [INFO] Merging duplicate channels across lineups...
[2025-11-18 01:00:30] [INFO]   Final unique channels: 430
[2025-11-18 01:00:30] [INFO]   Total events after deduplication: 22886
[2025-11-18 01:00:31] [INFO] Writing 22886 valid events to XML
[2025-11-18 01:00:31] [INFO]   New episodes: 3149
[2025-11-18 01:00:31] [INFO]   Reruns: 19737
[2025-11-18 01:00:31] [INFO] EPG successfully written to docs/EPG.xml
[2025-11-18 12:27:16] [INFO] Starting EPG fetch for 4 lineup(s)
[2025-11-18 12:27:16] [INFO]   Timespan: 48 hours
[2025-11-18 12:27:16] [INFO]   Parallel: True (workers: 5)
[2025-11-18 12:27:26] [INFO]   [USA-VA70448-X] 70 channels, 5131 events
[2025-11-18 12:27:29] [INFO]   [USA-KY16437-X] 185 channels, 9507 events
[2025-11-18 12:27:31] [INFO]   [USA-NJ67209-X] 602 channels, 31133 events
[2025-11-18 12:27:33] [INFO]   [USA-NJ29458-L] 481 channels, 25222 events
[2025-11-18 12:27:33] [INFO] Fetch complete: 4 succeeded, 0 failed
[2025-11-18 12:27:33] [INFO]   Raw channels collected: 1338
[2025-11-18 12:27:33] [INFO] Merging duplicate channels across lineups...
[2025-11-18 12:27:33] [INFO]   Final unique channels: 796
[2025-11-18 12:27:33] [INFO]   Total events after deduplication: 43113
[2025-11-18 12:27:35] [INFO] Writing 43113 valid events to XML
[2025-11-18 12:27:35] [INFO]   New episodes: 4859
[2025-11-18 12:27:35] [INFO]   Reruns: 38254
[2025-11-18 12:27:35] [INFO] EPG successfully written to docs/EPG.xml
[2025-11-18 22:48:31] [INFO] Starting EPG fetch for 5 lineup(s)
[2025-11-18 22:48:31] [INFO]   Timespan: 48 hours
[2025-11-18 22:48:31] [INFO]   Parallel: True (workers: 5)
[2025-11-18 22:48:43] [INFO]   [USA-SC39467-X] 154 channels, 7941 events
[2025-11-18 22:48:44] [INFO]   [USA-CA04536-X] 244 channels, 13037 events
[2025-11-18 22:48:44] [INFO]   [USA-CA63552-X] 113 channels, 6660 events
[2025-11-18 22:48:47] [INFO]   [USA-CA04423-X] 314 channels, 16196 events
[2025-11-18 22:48:52] [INFO]   [USA-CA04577-X] 521 channels, 25261 events
[2025-11-18 22:48:52] [INFO] Fetch complete: 5 succeeded, 0 failed
[2025-11-18 22:48:52] [INFO]   Raw channels collected: 1346
[2025-11-18 22:48:52] [INFO] Merging duplicate channels across lineups...
[2025-11-18 22:48:52] [INFO]   Final unique channels: 779
[2025-11-18 22:48:52] [INFO]   Total events after deduplication: 40172
[2025-11-18 22:48:54] [INFO] Writing 40172 valid events to XML
[2025-11-18 22:48:54] [INFO]   New episodes: 5780
[2025-11-18 22:48:54] [INFO]   Reruns: 34392
[2025-11-18 22:48:54] [INFO] EPG successfully written to docs/EPG.xml
[2025-11-19 01:00:27] [INFO] Starting EPG fetch for 5 lineup(s)
[2025-11-19 01:00:27] [INFO]   Timespan: 48 hours
[2025-11-19 01:00:27] [INFO]   Parallel: True (workers: 5)
[2025-11-19 01:00:40] [INFO]   [USA-CA63552-X] 113 channels, 6649 events
[2025-11-19 01:00:41] [INFO]   [USA-SC39467-X] 154 channels, 7822 events
[2025-11-19 01:00:44] [INFO]   [USA-CA04536-X] 244 channels, 13035 events
[2025-11-19 01:00:44] [INFO]   [USA-CA04423-X] 314 channels, 15974 events
[2025-11-19 01:00:47] [INFO]   [USA-CA04577-X] 521 channels, 24966 events
[2025-11-19 01:00:47] [INFO] Fetch complete: 5 succeeded, 0 failed
[2025-11-19 01:00:47] [INFO]   Raw channels collected: 1346
[2025-11-19 01:00:47] [INFO] Merging duplicate channels across lineups...
[2025-11-19 01:00:47] [INFO]   Final unique channels: 779
[2025-11-19 01:00:47] [INFO]   Total events after deduplication: 39869
[2025-11-19 01:00:49] [INFO] Writing 39869 valid events to XML
[2025-11-19 01:00:49] [INFO]   New episodes: 5750
[2025-11-19 01:00:49] [INFO]   Reruns: 34119
[2025-11-19 01:00:49] [INFO] EPG successfully written to docs/EPG.xml
[2025-11-19 12:26:27] [INFO] Starting EPG fetch for 5 lineup(s)
[2025-11-19 12:26:27] [INFO]   Timespan: 48 hours
[2025-11-19 12:26:27] [INFO]   Parallel: True (workers: 5)
[2025-11-19 12:26:37] [INFO]   [USA-CA63552-X] 113 channels, 6636 events
[2025-11-19 12:26:39] [INFO]   [USA-CA04536-X] 244 channels, 12992 events
[2025-11-19 12:26:40] [INFO]   [USA-CA04423-X] 314 channels, 16155 events
[2025-11-19 12:26:40] [INFO]   [USA-SC39467-X] 154 channels, 7907 events
[2025-11-19 12:26:42] [INFO]   [USA-CA04577-X] 521 channels, 25134 events
[2025-11-19 12:26:42] [INFO] Fetch complete: 5 succeeded, 0 failed
[2025-11-19 12:26:42] [INFO]   Raw channels collected: 1346
[2025-11-19 12:26:42] [INFO] Merging duplicate channels across lineups...
[2025-11-19 12:26:42] [INFO]   Final unique channels: 779
[2025-11-19 12:26:42] [INFO]   Total events after deduplication: 40004
[2025-11-19 12:26:44] [INFO] Writing 40004 valid events to XML
[2025-11-19 12:26:44] [INFO]   New episodes: 5653
[2025-11-19 12:26:44] [INFO]   Reruns: 34351
[2025-11-19 12:26:44] [INFO] EPG successfully written to docs/EPG.xml
[2025-11-20 00:59:11] [INFO] Starting EPG fetch for 5 lineup(s)
[2025-11-20 00:59:11] [INFO]   Timespan: 48 hours
[2025-11-20 00:59:11] [INFO]   Parallel: True (workers: 5)
[2025-11-20 00:59:22] [INFO]   [USA-CA63552-X] 113 channels, 6468 events
[2025-11-20 00:59:23] [INFO]   [USA-SC39467-X] 154 channels, 7742 events
[2025-11-20 00:59:23] [INFO]   [USA-CA04423-X] 314 channels, 16097 events
[2025-11-20 00:59:24] [INFO]   [USA-CA04536-X] 244 channels, 12710 events
[2025-11-20 00:59:26] [INFO]   [USA-CA04577-X] 521 channels, 24678 events
[2025-11-20 00:59:26] [INFO] Fetch complete: 5 succeeded, 0 failed
[2025-11-20 00:59:26] [INFO]   Raw channels collected: 1346
[2025-11-20 00:59:26] [INFO] Merging duplicate channels across lineups...
[2025-11-20 00:59:26] [INFO]   Final unique channels: 779
[2025-11-20 00:59:26] [INFO]   Total events after deduplication: 39534
[2025-11-20 00:59:27] [INFO] Writing 39534 valid events to XML
[2025-11-20 00:59:27] [INFO]   New episodes: 5640
[2025-11-20 00:59:27] [INFO]   Reruns: 33894
[2025-11-20 00:59:28] [INFO] EPG successfully written to docs/EPG.xml
[2025-11-20 12:25:57] [INFO] Starting EPG fetch for 5 lineup(s)
[2025-11-20 12:25:57] [INFO]   Timespan: 48 hours
[2025-11-20 12:25:57] [INFO]   Parallel: True (workers: 5)
[2025-11-20 12:26:09] [INFO]   [USA-CA63552-X] 113 channels, 6576 events
[2025-11-20 12:26:10] [INFO]   [USA-CA04536-X] 244 channels, 12889 events
[2025-11-20 12:26:10] [INFO]   [USA-SC39467-X] 154 channels, 7848 events
[2025-11-20 12:26:13] [INFO]   [USA-CA04423-X] 314 channels, 16016 events
[2025-11-20 12:26:15] [INFO]   [USA-CA04577-X] 521 channels, 24993 events
[2025-11-20 12:26:15] [INFO] Fetch complete: 5 succeeded, 0 failed
[2025-11-20 12:26:15] [INFO]   Raw channels collected: 1346
[2025-11-20 12:26:15] [INFO] Merging duplicate channels across lineups...
[2025-11-20 12:26:15] [INFO]   Final unique channels: 779
[2025-11-20 12:26:15] [INFO]   Total events after deduplication: 39787
[2025-11-20 12:26:16] [INFO] Writing 39787 valid events to XML
[2025-11-20 12:26:16] [INFO]   New episodes: 5477
[2025-11-20 12:26:16] [INFO]   Reruns: 34310
[2025-11-20 12:26:17] [INFO] EPG successfully written to docs/EPG.xml
[2025-11-21 00:59:51] [INFO] Starting EPG fetch for 5 lineup(s)
[2025-11-21 00:59:51] [INFO]   Timespan: 48 hours
[2025-11-21 00:59:51] [INFO]   Parallel: True (workers: 5)
[2025-11-21 01:00:02] [INFO]   [USA-CA63552-X] 113 channels, 6461 events
[2025-11-21 01:00:03] [INFO]   [USA-SC39467-X] 154 channels, 7640 events
[2025-11-21 01:00:04] [INFO]   [USA-CA04536-X] 244 channels, 12642 events
[2025-11-21 01:00:04] [INFO]   [USA-CA04423-X] 314 channels, 15785 events
[2025-11-21 01:00:09] [INFO]   [USA-CA04577-X] 521 channels, 25098 events
[2025-11-21 01:00:09] [INFO] Fetch complete: 5 succeeded, 0 failed
[2025-11-21 01:00:09] [INFO]   Raw channels collected: 1346
[2025-11-21 01:00:09] [INFO] Merging duplicate channels across lineups...
[2025-11-21 01:00:09] [INFO]   Final unique channels: 779
[2025-11-21 01:00:09] [INFO]   Total events after deduplication: 39554
[2025-11-21 01:00:10] [INFO] Writing 39554 valid events to XML
[2025-11-21 01:00:10] [INFO]   New episodes: 5154
[2025-11-21 01:00:10] [INFO]   Reruns: 34400
[2025-11-21 01:00:11] [INFO] EPG successfully written to docs/EPG.xml
[2025-11-21 12:24:55] [INFO] Starting EPG fetch for 5 lineup(s)
[2025-11-21 12:24:55] [INFO]   Timespan: 48 hours
[2025-11-21 12:24:55] [INFO]   Parallel: True (workers: 5)
[2025-11-21 12:25:05] [INFO]   [USA-SC39467-X] 154 channels, 7673 events
[2025-11-21 12:25:05] [INFO]   [USA-CA63552-X] 113 channels, 6473 events
[2025-11-21 12:25:08] [INFO]   [USA-CA04536-X] 244 channels, 12612 events
[2025-11-21 12:25:08] [INFO]   [USA-CA04423-X] 315 channels, 15758 events
[2025-11-21 12:25:11] [INFO]   [USA-CA04577-X] 522 channels, 24804 events
[2025-11-21 12:25:11] [INFO] Fetch complete: 5 succeeded, 0 failed
[2025-11-21 12:25:11] [INFO]   Raw channels collected: 1348
[2025-11-21 12:25:11] [INFO] Merging duplicate channels across lineups...
[2025-11-21 12:25:11] [INFO]   Final unique channels: 781
[2025-11-21 12:25:11] [INFO]   Total events after deduplication: 39266
[2025-11-21 12:25:12] [INFO] Writing 39266 valid events to XML
[2025-11-21 12:25:12] [INFO]   New episodes: 4665
[2025-11-21 12:25:12] [INFO]   Reruns: 34601
[2025-11-21 12:25:13] [INFO] EPG successfully written to docs/EPG.xml
[2025-11-22 00:57:50] [INFO] Starting EPG fetch for 5 lineup(s)
[2025-11-22 00:57:50] [INFO]   Timespan: 48 hours
[2025-11-22 00:57:50] [INFO]   Parallel: True (workers: 5)
[2025-11-22 00:58:01] [INFO]   [USA-CA63552-X] 113 channels, 6483 events
[2025-11-22 00:58:01] [INFO]   [USA-CA04423-X] 315 channels, 15783 events
[2025-11-22 00:58:02] [INFO]   [USA-SC39467-X] 154 channels, 7649 events
[2025-11-22 00:58:03] [INFO]   [USA-CA04536-X] 244 channels, 12588 events
[2025-11-22 00:58:05] [INFO]   [USA-CA04577-X] 522 channels, 24864 events
[2025-11-22 00:58:05] [INFO] Fetch complete: 5 succeeded, 0 failed
[2025-11-22 00:58:05] [INFO]   Raw channels collected: 1348
[2025-11-22 00:58:05] [INFO] Merging duplicate channels across lineups...
[2025-11-22 00:58:05] [INFO]   Final unique channels: 781
[2025-11-22 00:58:05] [INFO]   Total events after deduplication: 39255
[2025-11-22 00:58:06] [INFO] Writing 39255 valid events to XML
[2025-11-22 00:58:06] [INFO]   New episodes: 4313
[2025-11-22 00:58:06] [INFO]   Reruns: 34942
[2025-11-22 00:58:07] [INFO] EPG successfully written to docs/EPG.xml
[2025-11-22 12:21:51] [INFO] Starting EPG fetch for 5 lineup(s)
[2025-11-22 12:21:51] [INFO]   Timespan: 48 hours
[2025-11-22 12:21:51] [INFO]   Parallel: True (workers: 5)
[2025-11-22 12:22:01] [INFO]   [USA-CA63552-X] 113 channels, 6452 events
[2025-11-22 12:22:03] [INFO]   [USA-SC39467-X] 154 channels, 7637 events
[2025-11-22 12:22:04] [INFO]   [USA-CA04536-X] 244 channels, 12541 events
[2025-11-22 12:22:05] [INFO]   [USA-CA04423-X] 315 channels, 15696 events
[2025-11-22 12:22:06] [INFO]   [USA-CA04577-X] 522 channels, 24757 events
[2025-11-22 12:22:06] [INFO] Fetch complete: 5 succeeded, 0 failed
[2025-11-22 12:22:06] [INFO]   Raw channels collected: 1348
[2025-11-22 12:22:06] [INFO] Merging duplicate channels across lineups...
[2025-11-22 12:22:06] [INFO]   Final unique channels: 781
[2025-11-22 12:22:06] [INFO]   Total events after deduplication: 38956
[2025-11-22 12:22:07] [INFO] Writing 38956 valid events to XML
[2025-11-22 12:22:07] [INFO]   New episodes: 4072
[2025-11-22 12:22:07] [INFO]   Reruns: 34884
[2025-11-22 12:22:08] [INFO] EPG successfully written to docs/EPG.xml
[2025-11-23 01:08:27] [INFO] Starting EPG fetch for 5 lineup(s)
[2025-11-23 01:08:27] [INFO]   Timespan: 48 hours
[2025-11-23 01:08:27] [INFO]   Parallel: True (workers: 5)
[2025-11-23 01:08:37] [INFO]   [USA-SC39467-X] 154 channels, 7748 events
[2025-11-23 01:08:37] [INFO]   [USA-CA63552-X] 113 channels, 6473 events
[2025-11-23 01:08:38] [INFO]   [USA-CA04536-X] 244 channels, 12613 events
[2025-11-23 01:08:39] [INFO]   [USA-CA04423-X] 315 channels, 15792 events
[2025-11-23 01:08:43] [INFO]   [USA-CA04577-X] 522 channels, 24860 events
[2025-11-23 01:08:43] [INFO] Fetch complete: 5 succeeded, 0 failed
[2025-11-23 01:08:43] [INFO]   Raw channels collected: 1348
[2025-11-23 01:08:43] [INFO] Merging duplicate channels across lineups...
[2025-11-23 01:08:43] [INFO]   Final unique channels: 781
[2025-11-23 01:08:43] [INFO]   Total events after deduplication: 39163
[2025-11-23 01:08:45] [INFO] Writing 39163 valid events to XML
[2025-11-23 01:08:45] [INFO]   New episodes: 4597
[2025-11-23 01:08:45] [INFO]   Reruns: 34566
[2025-11-23 01:08:45] [INFO] EPG successfully written to docs/EPG.xml
[2025-11-23 12:21:35] [INFO] Starting EPG fetch for 5 lineup(s)
[2025-11-23 12:21:35] [INFO]   Timespan: 48 hours
[2025-11-23 12:21:35] [INFO]   Parallel: True (workers: 5)
[2025-11-23 12:21:45] [INFO]   [USA-CA63552-X] 113 channels, 6571 events
[2025-11-23 12:21:45] [INFO]   [USA-CA04536-X] 244 channels, 12897 events
[2025-11-23 12:21:46] [INFO]   [USA-SC39467-X] 154 channels, 7898 events
[2025-11-23 12:21:47] [INFO]   [USA-CA04577-X] 522 channels, 25353 events
[2025-11-23 12:21:47] [INFO]   [USA-CA04423-X] 315 channels, 16150 events
[2025-11-23 12:21:47] [INFO] Fetch complete: 5 succeeded, 0 failed
[2025-11-23 12:21:47] [INFO]   Raw channels collected: 1348
[2025-11-23 12:21:47] [INFO] Merging duplicate channels across lineups...
[2025-11-23 12:21:47] [INFO]   Final unique channels: 781
[2025-11-23 12:21:47] [INFO]   Total events after deduplication: 39943
[2025-11-23 12:21:48] [INFO] Writing 39943 valid events to XML
[2025-11-23 12:21:48] [INFO]   New episodes: 5023
[2025-11-23 12:21:48] [INFO]   Reruns: 34920
[2025-11-23 12:21:49] [INFO] EPG successfully written to docs/EPG.xml
[2025-11-24 01:04:28] [INFO] Starting EPG fetch for 5 lineup(s)
[2025-11-24 01:04:28] [INFO]   Timespan: 48 hours
[2025-11-24 01:04:28] [INFO]   Parallel: True (workers: 5)
[2025-11-24 01:04:38] [INFO]   [USA-CA63552-X] 113 channels, 6583 events
[2025-11-24 01:04:39] [INFO]   [USA-CA04577-X] 522 channels, 25368 events
[2025-11-24 01:04:40] [INFO]   [USA-CA04423-X] 315 channels, 16181 events
[2025-11-24 01:04:41] [INFO]   [USA-SC39467-X] 154 channels, 7957 events
[2025-11-24 01:04:41] [INFO]   [USA-CA04536-X] 244 channels, 13002 events
[2025-11-24 01:04:41] [INFO] Fetch complete: 5 succeeded, 0 failed
[2025-11-24 01:04:41] [INFO]   Raw channels collected: 1348
[2025-11-24 01:04:41] [INFO] Merging duplicate channels across lineups...
[2025-11-24 01:04:41] [INFO]   Final unique channels: 781
[2025-11-24 01:04:41] [INFO]   Total events after deduplication: 40007
[2025-11-24 01:04:42] [INFO] Writing 40007 valid events to XML
[2025-11-24 01:04:42] [INFO]   New episodes: 5551
[2025-11-24 01:04:42] [INFO]   Reruns: 34456
[2025-11-24 01:04:43] [INFO] EPG successfully written to docs/EPG.xml
[2025-11-24 12:26:49] [INFO] Starting EPG fetch for 5 lineup(s)
[2025-11-24 12:26:49] [INFO]   Timespan: 48 hours
[2025-11-24 12:26:49] [INFO]   Parallel: True (workers: 5)
[2025-11-24 12:27:00] [INFO]   [USA-SC39467-X] 154 channels, 8017 events
[2025-11-24 12:27:00] [INFO]   [USA-CA63552-X] 113 channels, 6640 events
[2025-11-24 12:27:00] [INFO]   [USA-CA04536-X] 244 channels, 13135 events
[2025-11-24 12:27:01] [INFO]   [USA-CA04423-X] 315 channels, 16326 events
[2025-11-24 12:27:03] [INFO]   [USA-CA04577-X] 522 channels, 25583 events
[2025-11-24 12:27:04] [INFO] Fetch complete: 5 succeeded, 0 failed
[2025-11-24 12:27:04] [INFO]   Raw channels collected: 1348
[2025-11-24 12:27:04] [INFO] Merging duplicate channels across lineups...
[2025-11-24 12:27:04] [INFO]   Final unique channels: 781
[2025-11-24 12:27:04] [INFO]   Total events after deduplication: 40453
[2025-11-24 12:27:05] [INFO] Writing 40453 valid events to XML
[2025-11-24 12:27:05] [INFO]   New episodes: 5736
[2025-11-24 12:27:05] [INFO]   Reruns: 34717
[2025-11-24 12:27:06] [INFO] EPG successfully written to docs/EPG.xml
[2025-11-25 01:00:00] [INFO] Starting EPG fetch for 5 lineup(s)
[2025-11-25 01:00:00] [INFO]   Timespan: 48 hours
[2025-11-25 01:00:00] [INFO]   Parallel: True (workers: 5)
[2025-11-25 01:00:13] [INFO]   [USA-CA63552-X] 113 channels, 6542 events
[2025-11-25 01:00:13] [INFO]   [USA-SC39467-X] 154 channels, 7893 events
[2025-11-25 01:00:15] [INFO]   [USA-CA04536-X] 244 channels, 12952 events
[2025-11-25 01:00:17] [INFO]   [USA-CA04423-X] 315 channels, 16142 events
[2025-11-25 01:00:22] [INFO]   [USA-CA04577-X] 522 channels, 25276 events
[2025-11-25 01:00:22] [INFO] Fetch complete: 5 succeeded, 0 failed
[2025-11-25 01:00:22] [INFO]   Raw channels collected: 1348
[2025-11-25 01:00:22] [INFO] Merging duplicate channels across lineups...
[2025-11-25 01:00:22] [INFO]   Final unique channels: 781
[2025-11-25 01:00:22] [INFO]   Total events after deduplication: 39988
[2025-11-25 01:00:23] [INFO] Writing 39988 valid events to XML
[2025-11-25 01:00:23] [INFO]   New episodes: 5540
[2025-11-25 01:00:23] [INFO]   Reruns: 34448
[2025-11-25 01:00:24] [INFO] EPG successfully written to docs/EPG.xml
[2025-11-25 12:27:36] [INFO] Starting EPG fetch for 5 lineup(s)
[2025-11-25 12:27:36] [INFO]   Timespan: 48 hours
[2025-11-25 12:27:36] [INFO]   Parallel: True (workers: 5)
[2025-11-25 12:27:47] [INFO]   [USA-CA63552-X] 113 channels, 6619 events
[2025-11-25 12:27:47] [INFO]   [USA-CA04536-X] 244 channels, 13069 events
[2025-11-25 12:27:48] [INFO]   [USA-SC39467-X] 154 channels, 7968 events
[2025-11-25 12:27:49] [INFO]   [USA-CA04423-X] 315 channels, 16291 events
[2025-11-25 12:27:50] [INFO]   [USA-CA04577-X] 522 channels, 25484 events
[2025-11-25 12:27:50] [INFO] Fetch complete: 5 succeeded, 0 failed
[2025-11-25 12:27:50] [INFO]   Raw channels collected: 1348
[2025-11-25 12:27:50] [INFO] Merging duplicate channels across lineups...
[2025-11-25 12:27:50] [INFO]   Final unique channels: 781
[2025-11-25 12:27:50] [INFO]   Total events after deduplication: 40417
[2025-11-25 12:27:51] [INFO] Writing 40417 valid events to XML
[2025-11-25 12:27:51] [INFO]   New episodes: 5548
[2025-11-25 12:27:51] [INFO]   Reruns: 34869
[2025-11-25 12:27:52] [INFO] EPG successfully written to docs/EPG.xml
[2025-11-26 01:00:34] [INFO] Starting EPG fetch for 5 lineup(s)
[2025-11-26 01:00:34] [INFO]   Timespan: 48 hours
[2025-11-26 01:00:34] [INFO]   Parallel: True (workers: 5)
[2025-11-26 01:00:44] [INFO]   [USA-CA63552-X] 113 channels, 6509 events
[2025-11-26 01:00:44] [INFO]   [USA-SC39467-X] 154 channels, 7828 events
[2025-11-26 01:00:45] [INFO]   [USA-CA04536-X] 244 channels, 12854 events
[2025-11-26 01:00:46] [INFO]   [USA-CA04577-X] 522 channels, 25099 events
[2025-11-26 01:00:46] [INFO]   [USA-CA04423-X] 315 channels, 16069 events
[2025-11-26 01:00:46] [INFO] Fetch complete: 5 succeeded, 0 failed
[2025-11-26 01:00:46] [INFO]   Raw channels collected: 1348
[2025-11-26 01:00:46] [INFO] Merging duplicate channels across lineups...
[2025-11-26 01:00:47] [INFO]   Final unique channels: 781
[2025-11-26 01:00:47] [INFO]   Total events after deduplication: 39702
[2025-11-26 01:00:48] [INFO] Writing 39702 valid events to XML
[2025-11-26 01:00:48] [INFO]   New episodes: 5008
[2025-11-26 01:00:48] [INFO]   Reruns: 34694
[2025-11-26 01:00:48] [INFO] EPG successfully written to docs/EPG.xml
[2025-11-26 12:27:55] [INFO] Starting EPG fetch for 5 lineup(s)
[2025-11-26 12:27:55] [INFO]   Timespan: 48 hours
[2025-11-26 12:27:55] [INFO]   Parallel: True (workers: 5)
[2025-11-26 12:28:06] [INFO]   [USA-CA63552-X] 113 channels, 6511 events
[2025-11-26 12:28:06] [INFO]   [USA-SC39467-X] 154 channels, 7872 events
[2025-11-26 12:28:07] [INFO]   [USA-CA04536-X] 244 channels, 12846 events
[2025-11-26 12:28:09] [INFO]   [USA-CA04423-X] 315 channels, 16088 events
[2025-11-26 12:28:12] [INFO]   [USA-CA04577-X] 522 channels, 25169 events
[2025-11-26 12:28:12] [INFO] Fetch complete: 5 succeeded, 0 failed
[2025-11-26 12:28:12] [INFO]   Raw channels collected: 1348
[2025-11-26 12:28:12] [INFO] Merging duplicate channels across lineups...
[2025-11-26 12:28:12] [INFO]   Final unique channels: 781
[2025-11-26 12:28:12] [INFO]   Total events after deduplication: 39837
[2025-11-26 12:28:14] [INFO] Writing 39837 valid events to XML
[2025-11-26 12:28:14] [INFO]   New episodes: 4742
[2025-11-26 12:28:14] [INFO]   Reruns: 35095
[2025-11-26 12:28:14] [INFO] EPG successfully written to docs/EPG.xml
[2025-11-27 00:59:32] [INFO] Starting EPG fetch for 5 lineup(s)
[2025-11-27 00:59:32] [INFO]   Timespan: 48 hours
[2025-11-27 00:59:32] [INFO]   Parallel: True (workers: 5)
[2025-11-27 00:59:42] [INFO]   [USA-SC39467-X] 154 channels, 7682 events
[2025-11-27 00:59:45] [INFO]   [USA-CA63552-X] 113 channels, 6308 events
[2025-11-27 00:59:46] [INFO]   [USA-CA04536-X] 244 channels, 12571 events
[2025-11-27 00:59:46] [INFO]   [USA-CA04577-X] 522 channels, 24750 events
[2025-11-27 00:59:50] [INFO]   [USA-CA04423-X] 315 channels, 15727 events
[2025-11-27 00:59:50] [INFO] Fetch complete: 5 succeeded, 0 failed
[2025-11-27 00:59:50] [INFO]   Raw channels collected: 1348
[2025-11-27 00:59:50] [INFO] Merging duplicate channels across lineups...
[2025-11-27 00:59:50] [INFO]   Final unique channels: 781
[2025-11-27 00:59:50] [INFO]   Total events after deduplication: 38970
[2025-11-27 00:59:51] [INFO] Writing 38970 valid events to XML
[2025-11-27 00:59:51] [INFO]   New episodes: 4609
[2025-11-27 00:59:51] [INFO]   Reruns: 34361
[2025-11-27 00:59:52] [INFO] EPG successfully written to docs/EPG.xml
[2025-11-27 12:26:54] [INFO] Starting EPG fetch for 5 lineup(s)
[2025-11-27 12:26:54] [INFO]   Timespan: 48 hours
[2025-11-27 12:26:54] [INFO]   Parallel: True (workers: 5)
[2025-11-27 12:27:04] [INFO]   [USA-CA63552-X] 113 channels, 6355 events
[2025-11-27 12:27:06] [INFO]   [USA-SC39467-X] 154 channels, 7738 events
[2025-11-27 12:27:07] [INFO]   [USA-CA04536-X] 244 channels, 12648 events
[2025-11-27 12:27:07] [INFO]   [USA-CA04423-X] 315 channels, 15894 events
[2025-11-27 12:27:10] [INFO]   [USA-CA04577-X] 522 channels, 24903 events
[2025-11-27 12:27:10] [INFO] Fetch complete: 5 succeeded, 0 failed
[2025-11-27 12:27:10] [INFO]   Raw channels collected: 1348
[2025-11-27 12:27:10] [INFO] Merging duplicate channels across lineups...
[2025-11-27 12:27:10] [INFO]   Final unique channels: 781
[2025-11-27 12:27:10] [INFO]   Total events after deduplication: 39247
[2025-11-27 12:27:11] [INFO] Writing 39247 valid events to XML
[2025-11-27 12:27:11] [INFO]   New episodes: 4252
[2025-11-27 12:27:11] [INFO]   Reruns: 34995
[2025-11-27 12:27:11] [INFO] EPG successfully written to docs/EPG.xml
[2025-11-28 00:58:45] [INFO] Starting EPG fetch for 5 lineup(s)
[2025-11-28 00:58:45] [INFO]   Timespan: 48 hours
[2025-11-28 00:58:45] [INFO]   Parallel: True (workers: 5)
[2025-11-28 00:58:56] [INFO]   [USA-CA63552-X] 113 channels, 6326 events
[2025-11-28 00:58:56] [INFO]   [USA-SC39467-X] 154 channels, 7646 events
[2025-11-28 00:58:57] [INFO]   [USA-CA04536-X] 244 channels, 12665 events
[2025-11-28 00:58:58] [INFO]   [USA-CA04577-X] 522 channels, 24964 events
[2025-11-28 00:58:59] [INFO]   [USA-CA04423-X] 315 channels, 15919 events
[2025-11-28 00:58:59] [INFO] Fetch complete: 5 succeeded, 0 failed
[2025-11-28 00:58:59] [INFO]   Raw channels collected: 1348
[2025-11-28 00:58:59] [INFO] Merging duplicate channels across lineups...
[2025-11-28 00:58:59] [INFO]   Final unique channels: 781
[2025-11-28 00:58:59] [INFO]   Total events after deduplication: 39290
[2025-11-28 00:59:00] [INFO] Writing 39290 valid events to XML
[2025-11-28 00:59:00] [INFO]   New episodes: 4394
[2025-11-28 00:59:00] [INFO]   Reruns: 34896
[2025-11-28 00:59:01] [INFO] EPG successfully written to docs/EPG.xml
[2025-11-28 12:26:25] [INFO] Starting EPG fetch for 5 lineup(s)
[2025-11-28 12:26:25] [INFO]   Timespan: 48 hours
[2025-11-28 12:26:25] [INFO]   Parallel: True (workers: 5)
[2025-11-28 12:26:37] [INFO]   [USA-CA63552-X] 113 channels, 6249 events
[2025-11-28 12:26:37] [INFO]   [USA-SC39467-X] 154 channels, 7560 events
[2025-11-28 12:26:39] [INFO]   [USA-CA04423-X] 315 channels, 15742 events
[2025-11-28 12:26:39] [INFO]   [USA-CA04536-X] 244 channels, 12528 events
[2025-11-28 12:26:43] [INFO]   [USA-CA04577-X] 522 channels, 24736 events
[2025-11-28 12:26:43] [INFO] Fetch complete: 5 succeeded, 0 failed
[2025-11-28 12:26:43] [INFO]   Raw channels collected: 1348
[2025-11-28 12:26:43] [INFO] Merging duplicate channels across lineups...
[2025-11-28 12:26:43] [INFO]   Final unique channels: 781
[2025-11-28 12:26:43] [INFO]   Total events after deduplication: 38765
[2025-11-28 12:26:44] [INFO] Writing 38765 valid events to XML
[2025-11-28 12:26:44] [INFO]   New episodes: 4219
[2025-11-28 12:26:44] [INFO]   Reruns: 34546
[2025-11-28 12:26:45] [INFO] EPG successfully written to docs/EPG.xml
[2025-11-29 00:59:11] [INFO] Starting EPG fetch for 5 lineup(s)
[2025-11-29 00:59:11] [INFO]   Timespan: 48 hours
[2025-11-29 00:59:11] [INFO]   Parallel: True (workers: 5)
[2025-11-29 00:59:21] [INFO]   [USA-CA63552-X] 113 channels, 6182 events
[2025-11-29 00:59:24] [INFO]   [USA-SC39467-X] 154 channels, 7415 events
[2025-11-29 00:59:24] [INFO]   [USA-CA04536-X] 244 channels, 12580 events
[2025-11-29 00:59:24] [INFO]   [USA-CA04423-X] 315 channels, 15827 events
[2025-11-29 00:59:27] [INFO]   [USA-CA04577-X] 522 channels, 24691 events
[2025-11-29 00:59:27] [INFO] Fetch complete: 5 succeeded, 0 failed
[2025-11-29 00:59:27] [INFO]   Raw channels collected: 1348
[2025-11-29 00:59:27] [INFO] Merging duplicate channels across lineups...
[2025-11-29 00:59:27] [INFO]   Final unique channels: 781
[2025-11-29 00:59:27] [INFO]   Total events after deduplication: 38700
[2025-11-29 00:59:28] [INFO] Writing 38700 valid events to XML
[2025-11-29 00:59:28] [INFO]   New episodes: 3924
[2025-11-29 00:59:28] [INFO]   Reruns: 34776
[2025-11-29 00:59:29] [INFO] EPG successfully written to docs/EPG.xml
[2025-11-29 12:23:18] [INFO] Starting EPG fetch for 5 lineup(s)
[2025-11-29 12:23:18] [INFO]   Timespan: 48 hours
[2025-11-29 12:23:18] [INFO]   Parallel: True (workers: 5)
[2025-11-29 12:23:28] [INFO]   [USA-CA63552-X] 113 channels, 6279 events
[2025-11-29 12:23:29] [INFO]   [USA-SC39467-X] 154 channels, 7514 events
[2025-11-29 12:23:30] [INFO]   [USA-CA04536-X] 244 channels, 12556 events
[2025-11-29 12:23:32] [INFO]   [USA-CA04423-X] 315 channels, 15722 events
[2025-11-29 12:23:35] [INFO]   [USA-CA04577-X] 522 channels, 24627 events
[2025-11-29 12:23:35] [INFO] Fetch complete: 5 succeeded, 0 failed
[2025-11-29 12:23:35] [INFO]   Raw channels collected: 1348
[2025-11-29 12:23:35] [INFO] Merging duplicate channels across lineups...
[2025-11-29 12:23:35] [INFO]   Final unique channels: 781
[2025-11-29 12:23:35] [INFO]   Total events after deduplication: 38540
[2025-11-29 12:23:36] [INFO] Writing 38540 valid events to XML
[2025-11-29 12:23:36] [INFO]   New episodes: 3839
[2025-11-29 12:23:36] [INFO]   Reruns: 34701
[2025-11-29 12:23:37] [INFO] EPG successfully written to docs/EPG.xml
[2025-11-30 01:08:12] [INFO] Starting EPG fetch for 5 lineup(s)
[2025-11-30 01:08:12] [INFO]   Timespan: 48 hours
[2025-11-30 01:08:12] [INFO]   Parallel: True (workers: 5)
[2025-11-30 01:08:22] [INFO]   [USA-CA63552-X] 113 channels, 6333 events
[2025-11-30 01:08:23] [INFO]   [USA-SC39467-X] 154 channels, 7656 events
[2025-11-30 01:08:24] [INFO]   [USA-CA04536-X] 244 channels, 12605 events
[2025-11-30 01:08:24] [INFO]   [USA-CA04577-X] 522 channels, 24629 events
[2025-11-30 01:08:28] [INFO]   [USA-CA04423-X] 315 channels, 15707 events
[2025-11-30 01:08:28] [INFO] Fetch complete: 5 succeeded, 0 failed
[2025-11-30 01:08:28] [INFO]   Raw channels collected: 1348
[2025-11-30 01:08:28] [INFO] Merging duplicate channels across lineups...
[2025-11-30 01:08:28] [INFO]   Final unique channels: 781
[2025-11-30 01:08:28] [INFO]   Total events after deduplication: 38746
[2025-11-30 01:08:30] [INFO] Writing 38746 valid events to XML
[2025-11-30 01:08:30] [INFO]   New episodes: 4323
[2025-11-30 01:08:30] [INFO]   Reruns: 34423
[2025-11-30 01:08:30] [INFO] EPG successfully written to docs/EPG.xml
[2025-11-30 12:22:59] [INFO] Starting EPG fetch for 5 lineup(s)
[2025-11-30 12:22:59] [INFO]   Timespan: 48 hours
[2025-11-30 12:22:59] [INFO]   Parallel: True (workers: 5)
[2025-11-30 12:23:11] [INFO]   [USA-SC39467-X] 154 channels, 7735 events
[2025-11-30 12:23:11] [INFO]   [USA-CA63552-X] 113 channels, 6453 events
[2025-11-30 12:23:11] [INFO]   [USA-CA04536-X] 244 channels, 12791 events
[2025-11-30 12:23:13] [INFO]   [USA-CA04423-X] 315 channels, 15934 events
[2025-11-30 12:23:16] [INFO]   [USA-CA04577-X] 522 channels, 24944 events
[2025-11-30 12:23:16] [INFO] Fetch complete: 5 succeeded, 0 failed
[2025-11-30 12:23:16] [INFO]   Raw channels collected: 1348
[2025-11-30 12:23:16] [INFO] Merging duplicate channels across lineups...
[2025-11-30 12:23:16] [INFO]   Final unique channels: 781
[2025-11-30 12:23:16] [INFO]   Total events after deduplication: 39370
[2025-11-30 12:23:17] [INFO] Writing 39370 valid events to XML
[2025-11-30 12:23:17] [INFO]   New episodes: 4700
[2025-11-30 12:23:17] [INFO]   Reruns: 34670
[2025-11-30 12:23:18] [INFO] EPG successfully written to docs/EPG.xml
[2025-12-01 01:13:04] [INFO] Starting EPG fetch for 5 lineup(s)
[2025-12-01 01:13:04] [INFO]   Timespan: 48 hours
[2025-12-01 01:13:04] [INFO]   Parallel: True (workers: 5)
[2025-12-01 01:13:15] [INFO]   [USA-CA63552-X] 113 channels, 6527 events
[2025-12-01 01:13:17] [INFO]   [USA-CA04423-X] 315 channels, 15931 events
[2025-12-01 01:13:18] [INFO]   [USA-SC39467-X] 154 channels, 7870 events
[2025-12-01 01:13:18] [INFO]   [USA-CA04577-X] 522 channels, 25007 events
[2025-12-01 01:13:19] [INFO]   [USA-CA04536-X] 244 channels, 12826 events
[2025-12-01 01:13:19] [INFO] Fetch complete: 5 succeeded, 0 failed
[2025-12-01 01:13:19] [INFO]   Raw channels collected: 1348
[2025-12-01 01:13:19] [INFO] Merging duplicate channels across lineups...
[2025-12-01 01:13:19] [INFO]   Final unique channels: 781
[2025-12-01 01:13:19] [INFO]   Total events after deduplication: 39589
[2025-12-01 01:13:20] [INFO] Writing 39589 valid events to XML
[2025-12-01 01:13:20] [INFO]   New episodes: 5274
[2025-12-01 01:13:20] [INFO]   Reruns: 34315
[2025-12-01 01:13:21] [INFO] EPG successfully written to docs/EPG.xml
[2025-12-01 12:27:23] [INFO] Starting EPG fetch for 5 lineup(s)
[2025-12-01 12:27:23] [INFO]   Timespan: 48 hours
[2025-12-01 12:27:23] [INFO]   Parallel: True (workers: 5)
[2025-12-01 12:27:33] [INFO]   [USA-CA04536-X] 244 channels, 12923 events
[2025-12-01 12:27:33] [INFO]   [USA-SC39467-X] 154 channels, 7929 events
[2025-12-01 12:27:34] [INFO]   [USA-CA63552-X] 113 channels, 6612 events
[2025-12-01 12:27:36] [INFO]   [USA-CA04423-X] 315 channels, 16083 events
[2025-12-01 12:27:39] [INFO]   [USA-CA04577-X] 522 channels, 25216 events
[2025-12-01 12:27:39] [INFO] Fetch complete: 5 succeeded, 0 failed
[2025-12-01 12:27:39] [INFO]   Raw channels collected: 1348
[2025-12-01 12:27:39] [INFO] Merging duplicate channels across lineups...
[2025-12-01 12:27:39] [INFO]   Final unique channels: 781
[2025-12-01 12:27:39] [INFO]   Total events after deduplication: 40046
[2025-12-01 12:27:40] [INFO] Writing 40046 valid events to XML
[2025-12-01 12:27:40] [INFO]   New episodes: 5560
[2025-12-01 12:27:40] [INFO]   Reruns: 34486
[2025-12-01 12:27:41] [INFO] EPG successfully written to docs/EPG.xml
[2025-12-02 01:01:58] [INFO] Starting EPG fetch for 5 lineup(s)
[2025-12-02 01:01:58] [INFO]   Timespan: 48 hours
[2025-12-02 01:01:58] [INFO]   Parallel: True (workers: 5)
[2025-12-02 01:02:09] [INFO]   [USA-CA63552-X] 113 channels, 6632 events
[2025-12-02 01:02:09] [INFO]   [USA-SC39467-X] 154 channels, 7945 events
[2025-12-02 01:02:10] [INFO]   [USA-CA04423-X] 315 channels, 16153 events
[2025-12-02 01:02:10] [INFO]   [USA-CA04536-X] 244 channels, 12969 events
[2025-12-02 01:02:16] [INFO]   [USA-CA04577-X] 522 channels, 25262 events
[2025-12-02 01:02:16] [INFO] Fetch complete: 5 succeeded, 0 failed
[2025-12-02 01:02:16] [INFO]   Raw channels collected: 1348
[2025-12-02 01:02:16] [INFO] Merging duplicate channels across lineups...
[2025-12-02 01:02:16] [INFO]   Final unique channels: 781
[2025-12-02 01:02:16] [INFO]   Total events after deduplication: 40164
[2025-12-02 01:02:17] [INFO] Writing 40164 valid events to XML
[2025-12-02 01:02:17] [INFO]   New episodes: 5637
[2025-12-02 01:02:17] [INFO]   Reruns: 34527
[2025-12-02 01:02:18] [INFO] EPG successfully written to docs/EPG.xml
[2025-12-02 12:28:29] [INFO] Starting EPG fetch for 5 lineup(s)
[2025-12-02 12:28:29] [INFO]   Timespan: 48 hours
[2025-12-02 12:28:29] [INFO]   Parallel: True (workers: 5)
[2025-12-02 12:28:39] [INFO]   [USA-SC39467-X] 154 channels, 7944 events
[2025-12-02 12:28:40] [INFO]   [USA-CA63552-X] 113 channels, 6636 events
[2025-12-02 12:28:42] [INFO]   [USA-CA04423-X] 315 channels, 16204 events
[2025-12-02 12:28:42] [INFO]   [USA-CA04536-X] 244 channels, 12988 events
[2025-12-02 12:28:44] [INFO]   [USA-CA04577-X] 522 channels, 25356 events
[2025-12-02 12:28:44] [INFO] Fetch complete: 5 succeeded, 0 failed
[2025-12-02 12:28:44] [INFO]   Raw channels collected: 1348
[2025-12-02 12:28:44] [INFO] Merging duplicate channels across lineups...
[2025-12-02 12:28:44] [INFO]   Final unique channels: 781
[2025-12-02 12:28:44] [INFO]   Total events after deduplication: 40268
[2025-12-02 12:28:45] [INFO] Writing 40268 valid events to XML
[2025-12-02 12:28:45] [INFO]   New episodes: 5626
[2025-12-02 12:28:45] [INFO]   Reruns: 34642
[2025-12-02 12:28:46] [INFO] EPG successfully written to docs/EPG.xml
[2025-12-03 01:02:19] [INFO] Starting EPG fetch for 5 lineup(s)
[2025-12-03 01:02:19] [INFO]   Timespan: 48 hours
[2025-12-03 01:02:19] [INFO]   Parallel: True (workers: 5)
[2025-12-03 01:02:30] [INFO]   [USA-CA63552-X] 113 channels, 6630 events
[2025-12-03 01:02:30] [INFO]   [USA-SC39467-X] 154 channels, 7935 events
[2025-12-03 01:02:32] [INFO]   [USA-CA04536-X] 244 channels, 12982 events
[2025-12-03 01:02:32] [INFO]   [USA-CA04423-X] 315 channels, 16206 events
[2025-12-03 01:02:34] [INFO]   [USA-CA04577-X] 522 channels, 25387 events
[2025-12-03 01:02:34] [INFO] Fetch complete: 5 succeeded, 0 failed
[2025-12-03 01:02:34] [INFO]   Raw channels collected: 1348
[2025-12-03 01:02:34] [INFO] Merging duplicate channels across lineups...
[2025-12-03 01:02:34] [INFO]   Final unique channels: 781
[2025-12-03 01:02:34] [INFO]   Total events after deduplication: 40286
[2025-12-03 01:02:36] [INFO] Writing 40286 valid events to XML
[2025-12-03 01:02:36] [INFO]   New episodes: 5655
[2025-12-03 01:02:36] [INFO]   Reruns: 34631
[2025-12-03 01:02:36] [INFO] EPG successfully written to docs/EPG.xml
[2025-12-03 12:27:53] [INFO] Starting EPG fetch for 5 lineup(s)
[2025-12-03 12:27:53] [INFO]   Timespan: 48 hours
[2025-12-03 12:27:53] [INFO]   Parallel: True (workers: 5)
[2025-12-03 12:28:04] [INFO]   [USA-CA04536-X] 244 channels, 12949 events
[2025-12-03 12:28:05] [INFO]   [USA-CA63552-X] 113 channels, 6594 events
[2025-12-03 12:28:05] [INFO]   [USA-SC39467-X] 154 channels, 7904 events
[2025-12-03 12:28:06] [INFO]   [USA-CA04423-X] 315 channels, 16167 events
[2025-12-03 12:28:11] [INFO]   [USA-CA04577-X] 522 channels, 25288 events
[2025-12-03 12:28:11] [INFO] Fetch complete: 5 succeeded, 0 failed
[2025-12-03 12:28:11] [INFO]   Raw channels collected: 1348
[2025-12-03 12:28:11] [INFO] Merging duplicate channels across lineups...
[2025-12-03 12:28:11] [INFO]   Final unique channels: 781
[2025-12-03 12:28:11] [INFO]   Total events after deduplication: 40151
[2025-12-03 12:28:12] [INFO] Writing 40151 valid events to XML
[2025-12-03 12:28:12] [INFO]   New episodes: 5563
[2025-12-03 12:28:12] [INFO]   Reruns: 34588
[2025-12-03 12:28:13] [INFO] EPG successfully written to docs/EPG.xml
[2025-12-04 01:01:57] [INFO] Starting EPG fetch for 5 lineup(s)
[2025-12-04 01:01:57] [INFO]   Timespan: 48 hours
[2025-12-04 01:01:57] [INFO]   Parallel: True (workers: 5)
[2025-12-04 01:02:08] [INFO]   [USA-CA63552-X] 113 channels, 6523 events
[2025-12-04 01:02:09] [INFO]   [USA-SC39467-X] 154 channels, 7825 events
[2025-12-04 01:02:09] [INFO]   [USA-CA04536-X] 244 channels, 12855 events
[2025-12-04 01:02:11] [INFO]   [USA-CA04423-X] 315 channels, 16083 events
[2025-12-04 01:02:11] [INFO]   [USA-CA04577-X] 522 channels, 25203 events
[2025-12-04 01:02:11] [INFO] Fetch complete: 5 succeeded, 0 failed
[2025-12-04 01:02:11] [INFO]   Raw channels collected: 1348
[2025-12-04 01:02:11] [INFO] Merging duplicate channels across lineups...
[2025-12-04 01:02:11] [INFO]   Final unique channels: 781
[2025-12-04 01:02:11] [INFO]   Total events after deduplication: 39978
[2025-12-04 01:02:12] [INFO] Writing 39978 valid events to XML
[2025-12-04 01:02:12] [INFO]   New episodes: 5578
[2025-12-04 01:02:12] [INFO]   Reruns: 34400
[2025-12-04 01:02:13] [INFO] EPG successfully written to docs/EPG.xml
[2025-12-04 12:28:50] [INFO] Starting EPG fetch for 5 lineup(s)
[2025-12-04 12:28:50] [INFO]   Timespan: 48 hours
[2025-12-04 12:28:50] [INFO]   Parallel: True (workers: 5)
[2025-12-04 12:29:02] [INFO]   [USA-CA63552-X] 113 channels, 6484 events
[2025-12-04 12:29:03] [INFO]   [USA-SC39467-X] 154 channels, 7801 events
[2025-12-04 12:29:04] [INFO]   [USA-CA04536-X] 244 channels, 12781 events
[2025-12-04 12:29:05] [INFO]   [USA-CA04423-X] 315 channels, 15970 events
[2025-12-04 12:29:07] [INFO]   [USA-CA04577-X] 522 channels, 25019 events
[2025-12-04 12:29:07] [INFO] Fetch complete: 5 succeeded, 0 failed
[2025-12-04 12:29:07] [INFO]   Raw channels collected: 1348
[2025-12-04 12:29:07] [INFO] Merging duplicate channels across lineups...
[2025-12-04 12:29:07] [INFO]   Final unique channels: 781
[2025-12-04 12:29:07] [INFO]   Total events after deduplication: 39736
[2025-12-04 12:29:08] [INFO] Writing 39736 valid events to XML
[2025-12-04 12:29:08] [INFO]   New episodes: 5341
[2025-12-04 12:29:08] [INFO]   Reruns: 34395
[2025-12-04 12:29:09] [INFO] EPG successfully written to docs/EPG.xml
[2025-12-05 01:02:29] [INFO] Starting EPG fetch for 5 lineup(s)
[2025-12-05 01:02:29] [INFO]   Timespan: 48 hours
[2025-12-05 01:02:29] [INFO]   Parallel: True (workers: 5)
[2025-12-05 01:02:39] [INFO]   [USA-CA63552-X] 113 channels, 6470 events
[2025-12-05 01:02:39] [INFO]   [USA-SC39467-X] 154 channels, 7692 events
[2025-12-05 01:02:41] [INFO]   [USA-CA04536-X] 244 channels, 12732 events
[2025-12-05 01:02:42] [INFO]   [USA-CA04423-X] 315 channels, 15918 events
[2025-12-05 01:02:44] [INFO]   [USA-CA04577-X] 522 channels, 24937 events
[2025-12-05 01:02:44] [INFO] Fetch complete: 5 succeeded, 0 failed
[2025-12-05 01:02:44] [INFO]   Raw channels collected: 1348
[2025-12-05 01:02:44] [INFO] Merging duplicate channels across lineups...
[2025-12-05 01:02:44] [INFO]   Final unique channels: 781
[2025-12-05 01:02:44] [INFO]   Total events after deduplication: 39572
[2025-12-05 01:02:46] [INFO] Writing 39572 valid events to XML
[2025-12-05 01:02:46] [INFO]   New episodes: 5091
[2025-12-05 01:02:46] [INFO]   Reruns: 34481
[2025-12-05 01:02:46] [INFO] EPG successfully written to docs/EPG.xml
[2025-12-05 12:27:16] [INFO] Starting EPG fetch for 5 lineup(s)
[2025-12-05 12:27:16] [INFO]   Timespan: 48 hours
[2025-12-05 12:27:16] [INFO]   Parallel: True (workers: 5)
[2025-12-05 12:27:27] [INFO]   [USA-CA63552-X] 113 channels, 6378 events
[2025-12-05 12:27:28] [INFO]   [USA-SC39467-X] 154 channels, 7616 events
[2025-12-05 12:27:29] [INFO]   [USA-CA04536-X] 244 channels, 12592 events
[2025-12-05 12:27:30] [INFO]   [USA-CA04423-X] 315 channels, 15718 events
[2025-12-05 12:27:32] [INFO]   [USA-CA04577-X] 522 channels, 24737 events
[2025-12-05 12:27:32] [INFO] Fetch complete: 5 succeeded, 0 failed
[2025-12-05 12:27:32] [INFO]   Raw channels collected: 1348
[2025-12-05 12:27:32] [INFO] Merging duplicate channels across lineups...
[2025-12-05 12:27:32] [INFO]   Final unique channels: 781
[2025-12-05 12:27:32] [INFO]   Total events after deduplication: 39078
[2025-12-05 12:27:33] [INFO] Writing 39078 valid events to XML
[2025-12-05 12:27:33] [INFO]   New episodes: 4645
[2025-12-05 12:27:33] [INFO]   Reruns: 34433
[2025-12-05 12:27:34] [INFO] EPG successfully written to docs/EPG.xml
[2025-12-06 00:59:13] [INFO] Starting EPG fetch for 5 lineup(s)
[2025-12-06 00:59:13] [INFO]   Timespan: 48 hours
[2025-12-06 00:59:13] [INFO]   Parallel: True (workers: 5)
[2025-12-06 00:59:23] [INFO]   [USA-CA63552-X] 113 channels, 6278 events
[2025-12-06 00:59:24] [INFO]   [USA-SC39467-X] 154 channels, 7534 events
[2025-12-06 00:59:26] [INFO]   [USA-CA04536-X] 244 channels, 12569 events
[2025-12-06 00:59:27] [INFO]   [USA-CA04423-X] 315 channels, 15470 events
[2025-12-06 00:59:30] [INFO]   [USA-CA04577-X] 522 channels, 24784 events
[2025-12-06 00:59:30] [INFO] Fetch complete: 5 succeeded, 0 failed
[2025-12-06 00:59:30] [INFO]   Raw channels collected: 1348
[2025-12-06 00:59:30] [INFO] Merging duplicate channels across lineups...
[2025-12-06 00:59:30] [INFO]   Final unique channels: 781
[2025-12-06 00:59:30] [INFO]   Total events after deduplication: 38903
[2025-12-06 00:59:31] [INFO] Writing 38903 valid events to XML
[2025-12-06 00:59:31] [INFO]   New episodes: 4414
[2025-12-06 00:59:31] [INFO]   Reruns: 34489
[2025-12-06 00:59:32] [INFO] EPG successfully written to docs/EPG.xml
[2025-12-06 12:23:16] [INFO] Starting EPG fetch for 5 lineup(s)
[2025-12-06 12:23:16] [INFO]   Timespan: 48 hours
[2025-12-06 12:23:16] [INFO]   Parallel: True (workers: 5)
[2025-12-06 12:23:28] [INFO]   [USA-CA63552-X] 113 channels, 6333 events
[2025-12-06 12:23:30] [INFO]   [USA-CA04536-X] 244 channels, 12521 events
[2025-12-06 12:23:31] [INFO]   [USA-CA04423-X] 315 channels, 15645 events
[2025-12-06 12:23:31] [INFO]   [USA-SC39467-X] 154 channels, 7532 events
[2025-12-06 12:23:36] [INFO]   [USA-CA04577-X] 522 channels, 24646 events
[2025-12-06 12:23:36] [INFO] Fetch complete: 5 succeeded, 0 failed
[2025-12-06 12:23:36] [INFO]   Raw channels collected: 1348
[2025-12-06 12:23:36] [INFO] Merging duplicate channels across lineups...
[2025-12-06 12:23:36] [INFO]   Final unique channels: 781
[2025-12-06 12:23:36] [INFO]   Total events after deduplication: 38656
[2025-12-06 12:23:37] [INFO] Writing 38656 valid events to XML
[2025-12-06 12:23:37] [INFO]   New episodes: 4173
[2025-12-06 12:23:37] [INFO]   Reruns: 34483
[2025-12-06 12:23:37] [INFO] EPG successfully written to docs/EPG.xml
[2025-12-07 01:08:12] [INFO] Starting EPG fetch for 5 lineup(s)
[2025-12-07 01:08:12] [INFO]   Timespan: 48 hours
[2025-12-07 01:08:12] [INFO]   Parallel: True (workers: 5)
[2025-12-07 01:08:23] [INFO]   [USA-CA63552-X] 113 channels, 6341 events
[2025-12-07 01:08:24] [INFO]   [USA-CA04536-X] 244 channels, 12533 events
[2025-12-07 01:08:25] [INFO]   [USA-SC39467-X] 154 channels, 7615 events
[2025-12-07 01:08:26] [INFO]   [USA-CA04423-X] 315 channels, 15616 events
[2025-12-07 01:08:31] [INFO]   [USA-CA04577-X] 522 channels, 24503 events
[2025-12-07 01:08:31] [INFO] Fetch complete: 5 succeeded, 0 failed
[2025-12-07 01:08:31] [INFO]   Raw channels collected: 1348
[2025-12-07 01:08:31] [INFO] Merging duplicate channels across lineups...
[2025-12-07 01:08:31] [INFO]   Final unique channels: 781
[2025-12-07 01:08:31] [INFO]   Total events after deduplication: 38601
[2025-12-07 01:08:32] [INFO] Writing 38601 valid events to XML
[2025-12-07 01:08:32] [INFO]   New episodes: 4466
[2025-12-07 01:08:32] [INFO]   Reruns: 34135
[2025-12-07 01:08:33] [INFO] EPG successfully written to docs/EPG.xml
[2025-12-07 12:23:08] [INFO] Starting EPG fetch for 5 lineup(s)
[2025-12-07 12:23:08] [INFO]   Timespan: 48 hours
[2025-12-07 12:23:08] [INFO]   Parallel: True (workers: 5)
[2025-12-07 12:23:19] [INFO]   [USA-SC39467-X] 154 channels, 7699 events
[2025-12-07 12:23:20] [INFO]   [USA-CA63552-X] 113 channels, 6421 events
[2025-12-07 12:23:21] [INFO]   [USA-CA04536-X] 244 channels, 12684 events
[2025-12-07 12:23:23] [INFO]   [USA-CA04423-X] 315 channels, 15824 events
[2025-12-07 12:23:25] [INFO]   [USA-CA04577-X] 522 channels, 24723 events
[2025-12-07 12:23:25] [INFO] Fetch complete: 5 succeeded, 0 failed
[2025-12-07 12:23:25] [INFO]   Raw channels collected: 1348
[2025-12-07 12:23:25] [INFO] Merging duplicate channels across lineups...
[2025-12-07 12:23:25] [INFO]   Final unique channels: 781
[2025-12-07 12:23:25] [INFO]   Total events after deduplication: 39079
[2025-12-07 12:23:26] [INFO] Writing 39079 valid events to XML
[2025-12-07 12:23:26] [INFO]   New episodes: 4762
[2025-12-07 12:23:26] [INFO]   Reruns: 34317
[2025-12-07 12:23:27] [INFO] EPG successfully written to docs/EPG.xml
[2025-12-08 01:02:33] [INFO] Starting EPG fetch for 5 lineup(s)
[2025-12-08 01:02:33] [INFO]   Timespan: 48 hours
[2025-12-08 01:02:33] [INFO]   Parallel: True (workers: 5)
[2025-12-08 01:02:43] [INFO]   [USA-CA04536-X] 244 channels, 12805 events
[2025-12-08 01:02:43] [INFO]   [USA-CA63552-X] 113 channels, 6504 events
[2025-12-08 01:02:43] [INFO]   [USA-CA04423-X] 315 channels, 15922 events
[2025-12-08 01:02:44] [INFO]   [USA-SC39467-X] 154 channels, 7865 events
[2025-12-08 01:02:48] [INFO]   [USA-CA04577-X] 522 channels, 24827 events
[2025-12-08 01:02:48] [INFO] Fetch complete: 5 succeeded, 0 failed
[2025-12-08 01:02:48] [INFO]   Raw channels collected: 1348
[2025-12-08 01:02:48] [INFO] Merging duplicate channels across lineups...
[2025-12-08 01:02:48] [INFO]   Final unique channels: 781
[2025-12-08 01:02:48] [INFO]   Total events after deduplication: 39389
[2025-12-08 01:02:49] [INFO] Writing 39389 valid events to XML
[2025-12-08 01:02:49] [INFO]   New episodes: 5078
[2025-12-08 01:02:49] [INFO]   Reruns: 34311
[2025-12-08 01:02:50] [INFO] EPG successfully written to docs/EPG.xml
[2025-12-08 12:27:13] [INFO] Starting EPG fetch for 5 lineup(s)
[2025-12-08 12:27:13] [INFO]   Timespan: 48 hours
[2025-12-08 12:27:13] [INFO]   Parallel: True (workers: 5)
[2025-12-08 12:27:25] [INFO]   [USA-CA63552-X] 113 channels, 6600 events
[2025-12-08 12:27:26] [INFO]   [USA-SC39467-X] 154 channels, 7971 events
[2025-12-08 12:27:26] [INFO]   [USA-CA04536-X] 244 channels, 12996 events
[2025-12-08 12:27:26] [INFO]   [USA-CA04423-X] 315 channels, 16161 events
[2025-12-08 12:27:29] [INFO]   [USA-CA04577-X] 522 channels, 25142 events
[2025-12-08 12:27:29] [INFO] Fetch complete: 5 succeeded, 0 failed
[2025-12-08 12:27:29] [INFO]   Raw channels collected: 1348
[2025-12-08 12:27:29] [INFO] Merging duplicate channels across lineups...
[2025-12-08 12:27:29] [INFO]   Final unique channels: 781
[2025-12-08 12:27:29] [INFO]   Total events after deduplication: 39972
[2025-12-08 12:27:30] [INFO] Writing 39972 valid events to XML
[2025-12-08 12:27:30] [INFO]   New episodes: 5259
[2025-12-08 12:27:30] [INFO]   Reruns: 34713
[2025-12-08 12:27:31] [INFO] EPG successfully written to docs/EPG.xml
[2025-12-09 01:01:56] [INFO] Starting EPG fetch for 5 lineup(s)
[2025-12-09 01:01:56] [INFO]   Timespan: 48 hours
[2025-12-09 01:01:56] [INFO]   Parallel: True (workers: 5)
[2025-12-09 01:02:06] [INFO]   [USA-SC39467-X] 154 channels, 8063 events
[2025-12-09 01:02:06] [INFO]   [USA-CA04423-X] 315 channels, 16331 events
[2025-12-09 01:02:06] [INFO]   [USA-CA63552-X] 113 channels, 6670 events
[2025-12-09 01:02:07] [INFO]   [USA-CA04536-X] 244 channels, 13108 events
[2025-12-09 01:02:09] [INFO]   [USA-CA04577-X] 522 channels, 25328 events
[2025-12-09 01:02:09] [INFO] Fetch complete: 5 succeeded, 0 failed
[2025-12-09 01:02:09] [INFO]   Raw channels collected: 1348
[2025-12-09 01:02:09] [INFO] Merging duplicate channels across lineups...
[2025-12-09 01:02:09] [INFO]   Final unique channels: 781
[2025-12-09 01:02:09] [INFO]   Total events after deduplication: 40244
[2025-12-09 01:02:11] [INFO] Writing 40244 valid events to XML
[2025-12-09 01:02:11] [INFO]   New episodes: 5297
[2025-12-09 01:02:11] [INFO]   Reruns: 34947
[2025-12-09 01:02:11] [INFO] EPG successfully written to docs/EPG.xml
[2025-12-09 12:27:48] [INFO] Starting EPG fetch for 5 lineup(s)
[2025-12-09 12:27:48] [INFO]   Timespan: 48 hours
[2025-12-09 12:27:48] [INFO]   Parallel: True (workers: 5)
[2025-12-09 12:27:59] [INFO]   [USA-CA63552-X] 113 channels, 6721 events
[2025-12-09 12:28:00] [INFO]   [USA-SC39467-X] 154 channels, 8122 events
[2025-12-09 12:28:01] [INFO]   [USA-CA04536-X] 244 channels, 13166 events
[2025-12-09 12:28:02] [INFO]   [USA-CA04423-X] 315 channels, 16419 events
[2025-12-09 12:28:03] [INFO]   [USA-CA04577-X] 522 channels, 25444 events
[2025-12-09 12:28:03] [INFO] Fetch complete: 5 succeeded, 0 failed
[2025-12-09 12:28:03] [INFO]   Raw channels collected: 1348
[2025-12-09 12:28:03] [INFO] Merging duplicate channels across lineups...
[2025-12-09 12:28:03] [INFO]   Final unique channels: 781
[2025-12-09 12:28:03] [INFO]   Total events after deduplication: 40403
[2025-12-09 12:28:04] [INFO] Writing 40403 valid events to XML
[2025-12-09 12:28:04] [INFO]   New episodes: 5274
[2025-12-09 12:28:04] [INFO]   Reruns: 35129
[2025-12-09 12:28:05] [INFO] EPG successfully written to docs/EPG.xml
[2025-12-10 01:03:41] [INFO] Starting EPG fetch for 5 lineup(s)
[2025-12-10 01:03:41] [INFO]   Timespan: 48 hours
[2025-12-10 01:03:41] [INFO]   Parallel: True (workers: 5)
[2025-12-10 01:03:53] [INFO]   [USA-CA63552-X] 113 channels, 6722 events
[2025-12-10 01:03:53] [INFO]   [USA-CA04536-X] 244 channels, 13218 events
[2025-12-10 01:03:54] [INFO]   [USA-SC39467-X] 154 channels, 8134 events
[2025-12-10 01:03:55] [INFO]   [USA-CA04423-X] 315 channels, 16497 events
[2025-12-10 01:04:01] [INFO]   [USA-CA04577-X] 522 channels, 25496 events
[2025-12-10 01:04:01] [INFO] Fetch complete: 5 succeeded, 0 failed
[2025-12-10 01:04:01] [INFO]   Raw channels collected: 1348
[2025-12-10 01:04:01] [INFO] Merging duplicate channels across lineups...
[2025-12-10 01:04:01] [INFO]   Final unique channels: 781
[2025-12-10 01:04:01] [INFO]   Total events after deduplication: 40452
[2025-12-10 01:04:02] [INFO] Writing 40452 valid events to XML
[2025-12-10 01:04:02] [INFO]   New episodes: 5335
[2025-12-10 01:04:02] [INFO]   Reruns: 35117
[2025-12-10 01:04:03] [INFO] EPG successfully written to docs/EPG.xml
[2025-12-10 12:28:05] [INFO] Starting EPG fetch for 5 lineup(s)
[2025-12-10 12:28:05] [INFO]   Timespan: 48 hours
[2025-12-10 12:28:05] [INFO]   Parallel: True (workers: 5)
[2025-12-10 12:28:17] [INFO]   [USA-SC39467-X] 154 channels, 8063 events
[2025-12-10 12:28:18] [INFO]   [USA-CA63552-X] 113 channels, 6685 events
[2025-12-10 12:28:21] [INFO]   [USA-CA04423-X] 315 channels, 16375 events
[2025-12-10 12:28:22] [INFO]   [USA-CA04536-X] 244 channels, 13142 events
[2025-12-10 12:28:26] [INFO]   [USA-CA04577-X] 522 channels, 25307 events
[2025-12-10 12:28:26] [INFO] Fetch complete: 5 succeeded, 0 failed
[2025-12-10 12:28:26] [INFO]   Raw channels collected: 1348
[2025-12-10 12:28:26] [INFO] Merging duplicate channels across lineups...
[2025-12-10 12:28:26] [INFO]   Final unique channels: 781
[2025-12-10 12:28:26] [INFO]   Total events after deduplication: 40189
[2025-12-10 12:28:28] [INFO] Writing 40189 valid events to XML
[2025-12-10 12:28:28] [INFO]   New episodes: 5241
[2025-12-10 12:28:28] [INFO]   Reruns: 34948
[2025-12-10 12:28:28] [INFO] EPG successfully written to docs/EPG.xml
[2025-12-11 01:04:18] [INFO] Starting EPG fetch for 5 lineup(s)
[2025-12-11 01:04:18] [INFO]   Timespan: 48 hours
[2025-12-11 01:04:18] [INFO]   Parallel: True (workers: 5)
[2025-12-11 01:04:27] [INFO]   [USA-SC39467-X] 154 channels, 7965 events
[2025-12-11 01:04:29] [INFO]   [USA-CA63552-X] 113 channels, 6602 events
[2025-12-11 01:04:30] [INFO]   [USA-CA04423-X] 315 channels, 16253 events
[2025-12-11 01:04:30] [INFO]   [USA-CA04577-X] 522 channels, 25204 events
[2025-12-11 01:04:31] [INFO]   [USA-CA04536-X] 244 channels, 13023 events
[2025-12-11 01:04:31] [INFO] Fetch complete: 5 succeeded, 0 failed
[2025-12-11 01:04:31] [INFO]   Raw channels collected: 1348
[2025-12-11 01:04:31] [INFO] Merging duplicate channels across lineups...
[2025-12-11 01:04:31] [INFO]   Final unique channels: 781
[2025-12-11 01:04:31] [INFO]   Total events after deduplication: 39995
[2025-12-11 01:04:32] [INFO] Writing 39995 valid events to XML
[2025-12-11 01:04:32] [INFO]   New episodes: 5271
[2025-12-11 01:04:32] [INFO]   Reruns: 34724
[2025-12-11 01:04:33] [INFO] EPG successfully written to docs/EPG.xml
[2025-12-11 12:29:06] [INFO] Starting EPG fetch for 5 lineup(s)
[2025-12-11 12:29:06] [INFO]   Timespan: 48 hours
[2025-12-11 12:29:06] [INFO]   Parallel: True (workers: 5)
[2025-12-11 12:29:11] [WARNING] [USA-CA04536-X] Retry 1/3 in 1.3s (status 502)
[2025-12-11 12:29:16] [INFO]   [USA-CA63552-X] 113 channels, 6559 events
[2025-12-11 12:29:18] [INFO]   [USA-SC39467-X] 154 channels, 7896 events
[2025-12-11 12:29:20] [INFO]   [USA-CA04423-X] 315 channels, 16092 events
[2025-12-11 12:29:21] [INFO]   [USA-CA04536-X] 244 channels, 12934 events
[2025-12-11 12:29:22] [INFO]   [USA-CA04577-X] 522 channels, 24997 events
[2025-12-11 12:29:22] [INFO] Fetch complete: 5 succeeded, 0 failed
[2025-12-11 12:29:22] [INFO]   Raw channels collected: 1348
[2025-12-11 12:29:22] [INFO] Merging duplicate channels across lineups...
[2025-12-11 12:29:22] [INFO]   Final unique channels: 781
[2025-12-11 12:29:22] [INFO]   Total events after deduplication: 39747
[2025-12-11 12:29:23] [INFO] Writing 39747 valid events to XML
[2025-12-11 12:29:23] [INFO]   New episodes: 5067
[2025-12-11 12:29:23] [INFO]   Reruns: 34680
[2025-12-11 12:29:24] [INFO] EPG successfully written to docs/EPG.xml
[2025-12-12 01:04:08] [INFO] Starting EPG fetch for 5 lineup(s)
[2025-12-12 01:04:08] [INFO]   Timespan: 48 hours
[2025-12-12 01:04:08] [INFO]   Parallel: True (workers: 5)
[2025-12-12 01:04:18] [INFO]   [USA-CA63552-X] 113 channels, 6554 events
[2025-12-12 01:04:18] [INFO]   [USA-SC39467-X] 154 channels, 7799 events
[2025-12-12 01:04:19] [INFO]   [USA-CA04536-X] 244 channels, 12886 events
[2025-12-12 01:04:20] [INFO]   [USA-CA04423-X] 315 channels, 16102 events
[2025-12-12 01:04:20] [INFO]   [USA-CA04577-X] 522 channels, 25103 events
[2025-12-12 01:04:20] [INFO] Fetch complete: 5 succeeded, 0 failed
[2025-12-12 01:04:20] [INFO]   Raw channels collected: 1348
[2025-12-12 01:04:20] [INFO] Merging duplicate channels across lineups...
[2025-12-12 01:04:20] [INFO]   Final unique channels: 781
[2025-12-12 01:04:20] [INFO]   Total events after deduplication: 39736
[2025-12-12 01:04:21] [INFO] Writing 39736 valid events to XML
[2025-12-12 01:04:21] [INFO]   New episodes: 4890
[2025-12-12 01:04:21] [INFO]   Reruns: 34846
[2025-12-12 01:04:22] [INFO] EPG successfully written to docs/EPG.xml
[2025-12-12 12:27:34] [INFO] Starting EPG fetch for 5 lineup(s)
[2025-12-12 12:27:34] [INFO]   Timespan: 48 hours
[2025-12-12 12:27:34] [INFO]   Parallel: True (workers: 5)
[2025-12-12 12:27:45] [INFO]   [USA-SC39467-X] 154 channels, 7705 events
[2025-12-12 12:27:46] [INFO]   [USA-CA04536-X] 244 channels, 12705 events
[2025-12-12 12:27:46] [INFO]   [USA-CA63552-X] 113 channels, 6458 events
[2025-12-12 12:27:48] [INFO]   [USA-CA04577-X] 522 channels, 24727 events
[2025-12-12 12:27:48] [INFO]   [USA-CA04423-X] 315 channels, 15817 events
[2025-12-12 12:27:48] [INFO] Fetch complete: 5 succeeded, 0 failed
[2025-12-12 12:27:48] [INFO]   Raw channels collected: 1348
[2025-12-12 12:27:48] [INFO] Merging duplicate channels across lineups...
[2025-12-12 12:27:48] [INFO]   Final unique channels: 781
[2025-12-12 12:27:48] [INFO]   Total events after deduplication: 39185
[2025-12-12 12:27:49] [INFO] Writing 39185 valid events to XML
[2025-12-12 12:27:49] [INFO]   New episodes: 4457
[2025-12-12 12:27:49] [INFO]   Reruns: 34728
[2025-12-12 12:27:50] [INFO] EPG successfully written to docs/EPG.xml
[2025-12-13 01:00:13] [INFO] Starting EPG fetch for 5 lineup(s)
[2025-12-13 01:00:13] [INFO]   Timespan: 48 hours
[2025-12-13 01:00:13] [INFO]   Parallel: True (workers: 5)
[2025-12-13 01:00:23] [INFO]   [USA-CA63552-X] 113 channels, 6325 events
[2025-12-13 01:00:24] [INFO]   [USA-SC39467-X] 154 channels, 7516 events
[2025-12-13 01:00:25] [INFO]   [USA-CA04536-X] 244 channels, 12488 events
[2025-12-13 01:00:26] [INFO]   [USA-CA04423-X] 315 channels, 15773 events
[2025-12-13 01:00:27] [INFO]   [USA-CA04577-X] 522 channels, 24463 events
[2025-12-13 01:00:27] [INFO] Fetch complete: 5 succeeded, 0 failed
[2025-12-13 01:00:27] [INFO]   Raw channels collected: 1348
[2025-12-13 01:00:27] [INFO] Merging duplicate channels across lineups...
[2025-12-13 01:00:27] [INFO]   Final unique channels: 781
[2025-12-13 01:00:27] [INFO]   Total events after deduplication: 38785
[2025-12-13 01:00:28] [INFO] Writing 38785 valid events to XML
[2025-12-13 01:00:28] [INFO]   New episodes: 4093
[2025-12-13 01:00:28] [INFO]   Reruns: 34692
[2025-12-13 01:00:29] [INFO] EPG successfully written to docs/EPG.xml
[2025-12-13 12:24:07] [INFO] Starting EPG fetch for 5 lineup(s)
[2025-12-13 12:24:07] [INFO]   Timespan: 48 hours
[2025-12-13 12:24:07] [INFO]   Parallel: True (workers: 5)
[2025-12-13 12:24:18] [INFO]   [USA-SC39467-X] 154 channels, 7652 events
[2025-12-13 12:24:18] [INFO]   [USA-CA63552-X] 113 channels, 6403 events
[2025-12-13 12:24:19] [INFO]   [USA-CA04536-X] 244 channels, 12654 events
[2025-12-13 12:24:21] [INFO]   [USA-CA04423-X] 315 channels, 15769 events
[2025-12-13 12:24:22] [INFO]   [USA-CA04577-X] 522 channels, 24739 events
[2025-12-13 12:24:22] [INFO] Fetch complete: 5 succeeded, 0 failed
[2025-12-13 12:24:22] [INFO]   Raw channels collected: 1348
[2025-12-13 12:24:22] [INFO] Merging duplicate channels across lineups...
[2025-12-13 12:24:22] [INFO]   Final unique channels: 781
[2025-12-13 12:24:22] [INFO]   Total events after deduplication: 38849
[2025-12-13 12:24:23] [INFO] Writing 38849 valid events to XML
[2025-12-13 12:24:23] [INFO]   New episodes: 3883
[2025-12-13 12:24:23] [INFO]   Reruns: 34966
[2025-12-13 12:24:24] [INFO] EPG successfully written to docs/EPG.xml
[2025-12-14 01:08:39] [INFO] Starting EPG fetch for 5 lineup(s)
[2025-12-14 01:08:39] [INFO]   Timespan: 48 hours
[2025-12-14 01:08:39] [INFO]   Parallel: True (workers: 5)
[2025-12-14 01:08:48] [INFO]   [USA-CA04536-X] 244 channels, 12614 events
[2025-12-14 01:08:49] [INFO]   [USA-CA63552-X] 113 channels, 6366 events
[2025-12-14 01:08:50] [INFO]   [USA-SC39467-X] 154 channels, 7708 events
[2025-12-14 01:08:51] [INFO]   [USA-CA04423-X] 315 channels, 15668 events
[2025-12-14 01:08:55] [INFO]   [USA-CA04577-X] 522 channels, 24593 events
[2025-12-14 01:08:55] [INFO] Fetch complete: 5 succeeded, 0 failed
[2025-12-14 01:08:55] [INFO]   Raw channels collected: 1348
[2025-12-14 01:08:55] [INFO] Merging duplicate channels across lineups...
[2025-12-14 01:08:55] [INFO]   Final unique channels: 781
[2025-12-14 01:08:55] [INFO]   Total events after deduplication: 38813
[2025-12-14 01:08:56] [INFO] Writing 38813 valid events to XML
[2025-12-14 01:08:56] [INFO]   New episodes: 4188
[2025-12-14 01:08:56] [INFO]   Reruns: 34625
[2025-12-14 01:08:57] [INFO] EPG successfully written to docs/EPG.xml
[2025-12-14 12:24:10] [INFO] Starting EPG fetch for 5 lineup(s)
[2025-12-14 12:24:10] [INFO]   Timespan: 48 hours
[2025-12-14 12:24:10] [INFO]   Parallel: True (workers: 5)
[2025-12-14 12:24:20] [INFO]   [USA-CA63552-X] 113 channels, 6468 events
[2025-12-14 12:24:22] [INFO]   [USA-CA04536-X] 244 channels, 12801 events
[2025-12-14 12:24:22] [INFO]   [USA-SC39467-X] 154 channels, 7830 events
[2025-12-14 12:24:23] [INFO]   [USA-CA04423-X] 315 channels, 15920 events
[2025-12-14 12:24:24] [INFO]   [USA-CA04577-X] 522 channels, 25053 events
[2025-12-14 12:24:24] [INFO] Fetch complete: 5 succeeded, 0 failed
[2025-12-14 12:24:24] [INFO]   Raw channels collected: 1348
[2025-12-14 12:24:24] [INFO] Merging duplicate channels across lineups...
[2025-12-14 12:24:24] [INFO]   Final unique channels: 781
[2025-12-14 12:24:24] [INFO]   Total events after deduplication: 39508
[2025-12-14 12:24:25] [INFO] Writing 39508 valid events to XML
[2025-12-14 12:24:25] [INFO]   New episodes: 4431
[2025-12-14 12:24:25] [INFO]   Reruns: 35077
[2025-12-14 12:24:26] [INFO] EPG successfully written to docs/EPG.xml
[2025-12-15 01:06:29] [INFO] Starting EPG fetch for 5 lineup(s)
[2025-12-15 01:06:29] [INFO]   Timespan: 48 hours
[2025-12-15 01:06:29] [INFO]   Parallel: True (workers: 5)
[2025-12-15 01:06:40] [INFO]   [USA-SC39467-X] 154 channels, 7990 events
[2025-12-15 01:06:40] [INFO]   [USA-CA63552-X] 113 channels, 6562 events
[2025-12-15 01:06:42] [INFO]   [USA-CA04536-X] 244 channels, 12902 events
[2025-12-15 01:06:44] [INFO]   [USA-CA04423-X] 315 channels, 15993 events
[2025-12-15 01:06:47] [INFO]   [USA-CA04577-X] 522 channels, 25162 events
[2025-12-15 01:06:47] [INFO] Fetch complete: 5 succeeded, 0 failed
[2025-12-15 01:06:47] [INFO]   Raw channels collected: 1348
[2025-12-15 01:06:47] [INFO] Merging duplicate channels across lineups...
[2025-12-15 01:06:47] [INFO]   Final unique channels: 781
[2025-12-15 01:06:47] [INFO]   Total events after deduplication: 39883
[2025-12-15 01:06:48] [INFO] Writing 39883 valid events to XML
[2025-12-15 01:06:48] [INFO]   New episodes: 4849
[2025-12-15 01:06:48] [INFO]   Reruns: 35034
[2025-12-15 01:06:49] [INFO] EPG successfully written to docs/EPG.xml
[2025-12-15 12:30:17] [INFO] Starting EPG fetch for 5 lineup(s)
[2025-12-15 12:30:17] [INFO]   Timespan: 48 hours
[2025-12-15 12:30:17] [INFO]   Parallel: True (workers: 5)
[2025-12-15 12:30:26] [INFO]   [USA-CA63552-X] 113 channels, 6594 events
[2025-12-15 12:30:27] [INFO]   [USA-CA04423-X] 315 channels, 16102 events
[2025-12-15 12:30:28] [INFO]   [USA-SC39467-X] 154 channels, 8019 events
[2025-12-15 12:30:28] [INFO]   [USA-CA04536-X] 244 channels, 12979 events
[2025-12-15 12:30:36] [INFO]   [USA-CA04577-X] 522 channels, 25381 events
[2025-12-15 12:30:36] [INFO] Fetch complete: 5 succeeded, 0 failed
[2025-12-15 12:30:36] [INFO]   Raw channels collected: 1348
[2025-12-15 12:30:36] [INFO] Merging duplicate channels across lineups...
[2025-12-15 12:30:36] [INFO]   Final unique channels: 781
[2025-12-15 12:30:36] [INFO]   Total events after deduplication: 40283
[2025-12-15 12:30:37] [INFO] Writing 40283 valid events to XML
[2025-12-15 12:30:37] [INFO]   New episodes: 5104
[2025-12-15 12:30:37] [INFO]   Reruns: 35179
[2025-12-15 12:30:38] [INFO] EPG successfully written to docs/EPG.xml
[2025-12-16 01:04:37] [INFO] Starting EPG fetch for 5 lineup(s)
[2025-12-16 01:04:37] [INFO]   Timespan: 48 hours
[2025-12-16 01:04:37] [INFO]   Parallel: True (workers: 5)
[2025-12-16 01:04:48] [INFO]   [USA-SC39467-X] 154 channels, 8071 events
[2025-12-16 01:04:48] [INFO]   [USA-CA63552-X] 113 channels, 6659 events
[2025-12-16 01:04:49] [INFO]   [USA-CA04536-X] 244 channels, 13026 events
[2025-12-16 01:04:50] [INFO]   [USA-CA04423-X] 315 channels, 16198 events
[2025-12-16 01:04:52] [INFO]   [USA-CA04577-X] 522 channels, 25471 events
[2025-12-16 01:04:52] [INFO] Fetch complete: 5 succeeded, 0 failed
[2025-12-16 01:04:52] [INFO]   Raw channels collected: 1348
[2025-12-16 01:04:52] [INFO] Merging duplicate channels across lineups...
[2025-12-16 01:04:52] [INFO]   Final unique channels: 781
[2025-12-16 01:04:52] [INFO]   Total events after deduplication: 40431
[2025-12-16 01:04:53] [INFO] Writing 40431 valid events to XML
[2025-12-16 01:04:53] [INFO]   New episodes: 5160
[2025-12-16 01:04:53] [INFO]   Reruns: 35271
[2025-12-16 01:04:54] [INFO] EPG successfully written to docs/EPG.xml
[2025-12-16 12:28:36] [INFO] Starting EPG fetch for 5 lineup(s)
[2025-12-16 12:28:36] [INFO]   Timespan: 48 hours
[2025-12-16 12:28:36] [INFO]   Parallel: True (workers: 5)
[2025-12-16 12:28:49] [INFO]   [USA-CA63552-X] 113 channels, 6657 events
[2025-12-16 12:28:49] [INFO]   [USA-SC39467-X] 154 channels, 8020 events
[2025-12-16 12:28:50] [INFO]   [USA-CA04536-X] 244 channels, 13002 events
[2025-12-16 12:28:51] [INFO]   [USA-CA04423-X] 315 channels, 16196 events
[2025-12-16 12:28:52] [INFO]   [USA-CA04577-X] 522 channels, 25429 events
[2025-12-16 12:28:52] [INFO] Fetch complete: 5 succeeded, 0 failed
[2025-12-16 12:28:52] [INFO]   Raw channels collected: 1348
[2025-12-16 12:28:52] [INFO] Merging duplicate channels across lineups...
[2025-12-16 12:28:53] [INFO]   Final unique channels: 781
[2025-12-16 12:28:53] [INFO]   Total events after deduplication: 40367
[2025-12-16 12:28:54] [INFO] Writing 40367 valid events to XML
[2025-12-16 12:28:54] [INFO]   New episodes: 5219
[2025-12-16 12:28:54] [INFO]   Reruns: 35148
[2025-12-16 12:28:55] [INFO] EPG successfully written to docs/EPG.xml
[2025-12-17 01:00:07] [INFO] Starting EPG fetch for 5 lineup(s)
[2025-12-17 01:00:07] [INFO]   Timespan: 48 hours
[2025-12-17 01:00:07] [INFO]   Parallel: True (workers: 5)
[2025-12-17 01:00:18] [INFO]   [USA-SC39467-X] 154 channels, 7989 events
[2025-12-17 01:00:18] [INFO]   [USA-CA63552-X] 113 channels, 6557 events
[2025-12-17 01:00:19] [INFO]   [USA-CA04536-X] 244 channels, 12846 events
[2025-12-17 01:00:20] [INFO]   [USA-CA04423-X] 315 channels, 16181 events
[2025-12-17 01:00:23] [INFO]   [USA-CA04577-X] 522 channels, 25082 events
[2025-12-17 01:00:23] [INFO] Fetch complete: 5 succeeded, 0 failed
[2025-12-17 01:00:23] [INFO]   Raw channels collected: 1348
[2025-12-17 01:00:23] [INFO] Merging duplicate channels across lineups...
[2025-12-17 01:00:24] [INFO]   Final unique channels: 781
[2025-12-17 01:00:24] [INFO]   Total events after deduplication: 40074
[2025-12-17 01:00:25] [INFO] Writing 40074 valid events to XML
[2025-12-17 01:00:25] [INFO]   New episodes: 5186
[2025-12-17 01:00:25] [INFO]   Reruns: 34888
[2025-12-17 01:00:25] [INFO] EPG successfully written to docs/EPG.xml
[2025-12-17 12:28:21] [INFO] Starting EPG fetch for 5 lineup(s)
[2025-12-17 12:28:21] [INFO]   Timespan: 48 hours
[2025-12-17 12:28:21] [INFO]   Parallel: True (workers: 5)
[2025-12-17 12:28:33] [INFO]   [USA-CA63552-X] 113 channels, 6661 events
[2025-12-17 12:28:33] [INFO]   [USA-SC39467-X] 154 channels, 7991 events
[2025-12-17 12:28:35] [INFO]   [USA-CA04423-X] 315 channels, 16196 events
[2025-12-17 12:28:36] [INFO]   [USA-CA04536-X] 244 channels, 13031 events
[2025-12-17 12:28:40] [INFO]   [USA-CA04577-X] 522 channels, 25331 events
[2025-12-17 12:28:40] [INFO] Fetch complete: 5 succeeded, 0 failed
[2025-12-17 12:28:40] [INFO]   Raw channels collected: 1348
[2025-12-17 12:28:40] [INFO] Merging duplicate channels across lineups...
[2025-12-17 12:28:40] [INFO]   Final unique channels: 781
[2025-12-17 12:28:40] [INFO]   Total events after deduplication: 40334
[2025-12-17 12:28:42] [INFO] Writing 40334 valid events to XML
[2025-12-17 12:28:42] [INFO]   New episodes: 5143
[2025-12-17 12:28:42] [INFO]   Reruns: 35191
[2025-12-17 12:28:42] [INFO] EPG successfully written to docs/EPG.xml
[2025-12-18 01:00:57] [INFO] Starting EPG fetch for 5 lineup(s)
[2025-12-18 01:00:57] [INFO]   Timespan: 48 hours
[2025-12-18 01:00:57] [INFO]   Parallel: True (workers: 5)
[2025-12-18 01:01:08] [INFO]   [USA-CA63552-X] 113 channels, 6514 events
[2025-12-18 01:01:09] [INFO]   [USA-SC39467-X] 154 channels, 7913 events
[2025-12-18 01:01:10] [INFO]   [USA-CA04536-X] 244 channels, 12779 events
[2025-12-18 01:01:14] [INFO]   [USA-CA04577-X] 522 channels, 24957 events
[2025-12-18 01:01:14] [INFO]   [USA-CA04423-X] 315 channels, 16105 events
[2025-12-18 01:01:14] [INFO] Fetch complete: 5 succeeded, 0 failed
[2025-12-18 01:01:14] [INFO]   Raw channels collected: 1348
[2025-12-18 01:01:14] [INFO] Merging duplicate channels across lineups...
[2025-12-18 01:01:14] [INFO]   Final unique channels: 781
[2025-12-18 01:01:14] [INFO]   Total events after deduplication: 39944
[2025-12-18 01:01:16] [INFO] Writing 39944 valid events to XML
[2025-12-18 01:01:16] [INFO]   New episodes: 5061
[2025-12-18 01:01:16] [INFO]   Reruns: 34883
[2025-12-18 01:01:16] [INFO] EPG successfully written to docs/EPG.xml
[2025-12-18 12:27:36] [INFO] Starting EPG fetch for 5 lineup(s)
[2025-12-18 12:27:36] [INFO]   Timespan: 48 hours
[2025-12-18 12:27:36] [INFO]   Parallel: True (workers: 5)
[2025-12-18 12:27:48] [INFO]   [USA-CA63552-X] 113 channels, 6560 events
[2025-12-18 12:27:49] [INFO]   [USA-SC39467-X] 154 channels, 7877 events
[2025-12-18 12:27:50] [INFO]   [USA-CA04536-X] 244 channels, 12861 events
[2025-12-18 12:27:50] [INFO]   [USA-CA04423-X] 315 channels, 15988 events
[2025-12-18 12:27:54] [INFO]   [USA-CA04577-X] 522 channels, 25091 events
[2025-12-18 12:27:54] [INFO] Fetch complete: 5 succeeded, 0 failed
[2025-12-18 12:27:54] [INFO]   Raw channels collected: 1348
[2025-12-18 12:27:54] [INFO] Merging duplicate channels across lineups...
[2025-12-18 12:27:54] [INFO]   Final unique channels: 781
[2025-12-18 12:27:54] [INFO]   Total events after deduplication: 39943
[2025-12-18 12:27:55] [INFO] Writing 39943 valid events to XML
[2025-12-18 12:27:55] [INFO]   New episodes: 4860
[2025-12-18 12:27:55] [INFO]   Reruns: 35083
[2025-12-18 12:27:56] [INFO] EPG successfully written to docs/EPG.xml
[2025-12-19 01:04:11] [INFO] Starting EPG fetch for 5 lineup(s)
[2025-12-19 01:04:11] [INFO]   Timespan: 48 hours
[2025-12-19 01:04:11] [INFO]   Parallel: True (workers: 5)
[2025-12-19 01:04:22] [INFO]   [USA-CA63552-X] 113 channels, 6538 events
[2025-12-19 01:04:22] [INFO]   [USA-SC39467-X] 154 channels, 7811 events
[2025-12-19 01:04:22] [INFO]   [USA-CA04423-X] 315 channels, 15967 events
[2025-12-19 01:04:24] [INFO]   [USA-CA04536-X] 244 channels, 12809 events
[2025-12-19 01:04:26] [INFO]   [USA-CA04577-X] 522 channels, 25109 events
[2025-12-19 01:04:26] [INFO] Fetch complete: 5 succeeded, 0 failed
[2025-12-19 01:04:26] [INFO]   Raw channels collected: 1348
[2025-12-19 01:04:26] [INFO] Merging duplicate channels across lineups...
[2025-12-19 01:04:26] [INFO]   Final unique channels: 781
[2025-12-19 01:04:26] [INFO]   Total events after deduplication: 39852
[2025-12-19 01:04:27] [INFO] Writing 39852 valid events to XML
[2025-12-19 01:04:27] [INFO]   New episodes: 4614
[2025-12-19 01:04:27] [INFO]   Reruns: 35238
[2025-12-19 01:04:28] [INFO] EPG successfully written to docs/EPG.xml
[2025-12-19 12:26:31] [INFO] Starting EPG fetch for 5 lineup(s)
[2025-12-19 12:26:31] [INFO]   Timespan: 48 hours
[2025-12-19 12:26:31] [INFO]   Parallel: True (workers: 5)
[2025-12-19 12:26:42] [INFO]   [USA-SC39467-X] 154 channels, 7687 events
[2025-12-19 12:26:42] [INFO]   [USA-CA63552-X] 113 channels, 6444 events
[2025-12-19 12:26:44] [INFO]   [USA-CA04536-X] 245 channels, 12625 events
[2025-12-19 12:26:45] [INFO]   [USA-CA04423-X] 315 channels, 15697 events
[2025-12-19 12:26:48] [INFO]   [USA-CA04577-X] 523 channels, 24770 events
[2025-12-19 12:26:48] [INFO] Fetch complete: 5 succeeded, 0 failed
[2025-12-19 12:26:48] [INFO]   Raw channels collected: 1350
[2025-12-19 12:26:48] [INFO] Merging duplicate channels across lineups...
[2025-12-19 12:26:48] [INFO]   Final unique channels: 783
[2025-12-19 12:26:48] [INFO]   Total events after deduplication: 39223
[2025-12-19 12:26:49] [INFO] Writing 39223 valid events to XML
[2025-12-19 12:26:49] [INFO]   New episodes: 4213
[2025-12-19 12:26:49] [INFO]   Reruns: 35010
[2025-12-19 12:26:50] [INFO] EPG successfully written to docs/EPG.xml
[2025-12-20 01:00:23] [INFO] Starting EPG fetch for 5 lineup(s)
[2025-12-20 01:00:23] [INFO]   Timespan: 48 hours
[2025-12-20 01:00:23] [INFO]   Parallel: True (workers: 5)
[2025-12-20 01:00:34] [INFO]   [USA-CA63552-X] 113 channels, 6457 events
[2025-12-20 01:00:35] [INFO]   [USA-CA04423-X] 315 channels, 15788 events
[2025-12-20 01:00:36] [INFO]   [USA-CA04536-X] 245 channels, 12520 events
[2025-12-20 01:00:36] [INFO]   [USA-SC39467-X] 154 channels, 7693 events
[2025-12-20 01:00:39] [INFO]   [USA-CA04577-X] 522 channels, 24861 events
[2025-12-20 01:00:39] [INFO] Fetch complete: 5 succeeded, 0 failed
[2025-12-20 01:00:39] [INFO]   Raw channels collected: 1349
[2025-12-20 01:00:39] [INFO] Merging duplicate channels across lineups...
[2025-12-20 01:00:39] [INFO]   Final unique channels: 782
[2025-12-20 01:00:39] [INFO]   Total events after deduplication: 39245
[2025-12-20 01:00:40] [INFO] Writing 39245 valid events to XML
[2025-12-20 01:00:40] [INFO]   New episodes: 3895
[2025-12-20 01:00:40] [INFO]   Reruns: 35350
[2025-12-20 01:00:41] [INFO] EPG successfully written to docs/EPG.xml
[2025-12-20 12:24:04] [INFO] Starting EPG fetch for 5 lineup(s)
[2025-12-20 12:24:04] [INFO]   Timespan: 48 hours
[2025-12-20 12:24:04] [INFO]   Parallel: True (workers: 5)
[2025-12-20 12:24:14] [INFO]   [USA-CA63552-X] 113 channels, 6415 events
[2025-12-20 12:24:15] [INFO]   [USA-SC39467-X] 154 channels, 7688 events
[2025-12-20 12:24:16] [INFO]   [USA-CA04536-X] 245 channels, 12611 events
[2025-12-20 12:24:18] [INFO]   [USA-CA04423-X] 315 channels, 15690 events
[2025-12-20 12:24:21] [INFO]   [USA-CA04577-X] 522 channels, 24721 events
[2025-12-20 12:24:21] [INFO] Fetch complete: 5 succeeded, 0 failed
[2025-12-20 12:24:21] [INFO]   Raw channels collected: 1349
[2025-12-20 12:24:21] [INFO] Merging duplicate channels across lineups...
[2025-12-20 12:24:21] [INFO]   Final unique channels: 782
[2025-12-20 12:24:21] [INFO]   Total events after deduplication: 38941
[2025-12-20 12:24:22] [INFO] Writing 38941 valid events to XML
[2025-12-20 12:24:22] [INFO]   New episodes: 3631
[2025-12-20 12:24:22] [INFO]   Reruns: 35310
[2025-12-20 12:24:23] [INFO] EPG successfully written to docs/EPG.xml
[2025-12-21 01:08:17] [INFO] Starting EPG fetch for 5 lineup(s)
[2025-12-21 01:08:17] [INFO]   Timespan: 48 hours
[2025-12-21 01:08:17] [INFO]   Parallel: True (workers: 5)
[2025-12-21 01:08:29] [INFO]   [USA-SC39467-X] 154 channels, 7718 events
[2025-12-21 01:08:30] [INFO]   [USA-CA63552-X] 113 channels, 6413 events
[2025-12-21 01:08:31] [INFO]   [USA-CA04536-X] 245 channels, 12594 events
[2025-12-21 01:08:31] [INFO]   [USA-CA04423-X] 315 channels, 15710 events
[2025-12-21 01:08:36] [INFO]   [USA-CA04577-X] 522 channels, 24705 events
[2025-12-21 01:08:36] [INFO] Fetch complete: 5 succeeded, 0 failed
[2025-12-21 01:08:36] [INFO]   Raw channels collected: 1349
[2025-12-21 01:08:36] [INFO] Merging duplicate channels across lineups...
[2025-12-21 01:08:36] [INFO]   Final unique channels: 782
[2025-12-21 01:08:36] [INFO]   Total events after deduplication: 38887
[2025-12-21 01:08:38] [INFO] Writing 38887 valid events to XML
[2025-12-21 01:08:38] [INFO]   New episodes: 3904
[2025-12-21 01:08:38] [INFO]   Reruns: 34983
[2025-12-21 01:08:38] [INFO] EPG successfully written to docs/EPG.xml
[2025-12-21 12:24:13] [INFO] Starting EPG fetch for 5 lineup(s)
[2025-12-21 12:24:13] [INFO]   Timespan: 48 hours
[2025-12-21 12:24:13] [INFO]   Parallel: True (workers: 5)
[2025-12-21 12:24:26] [INFO]   [USA-CA63552-X] 113 channels, 6504 events
[2025-12-21 12:24:28] [INFO]   [USA-SC39467-X] 154 channels, 7862 events
[2025-12-21 12:24:29] [INFO]   [USA-CA04536-X] 245 channels, 12801 events
[2025-12-21 12:24:32] [INFO]   [USA-CA04423-X] 315 channels, 16002 events
[2025-12-21 12:24:35] [INFO]   [USA-CA04577-X] 522 channels, 25101 events
[2025-12-21 12:24:35] [INFO] Fetch complete: 5 succeeded, 0 failed
[2025-12-21 12:24:35] [INFO]   Raw channels collected: 1349
[2025-12-21 12:24:35] [INFO] Merging duplicate channels across lineups...
[2025-12-21 12:24:35] [INFO]   Final unique channels: 782
[2025-12-21 12:24:35] [INFO]   Total events after deduplication: 39524
[2025-12-21 12:24:36] [INFO] Writing 39524 valid events to XML
[2025-12-21 12:24:36] [INFO]   New episodes: 4149
[2025-12-21 12:24:36] [INFO]   Reruns: 35375
[2025-12-21 12:24:37] [INFO] EPG successfully written to docs/EPG.xml
